x,y,f0,f1,f2,f3,f4,f5,f6
-40.000,0.000,0.025450,0.012600,0.093650,0.015300,0.032400,0.014850,0.030150
-38.000,-12.000,0.033150,0.016950,0.086050,0.017000,0.025550,0.019000,0.046300
-38.000,-10.000,0.032750,0.016000,0.092550,0.016400,0.026050,0.020200,0.046150
-38.000,-8.000,0.031800,0.016800,0.093250,0.015600,0.026750,0.019350,0.040450
-38.000,-6.000,0.031850,0.014700,0.101250,0.017400,0.029150,0.016150,0.039300
-38.000,-4.000,0.032400,0.016150,0.095850,0.017400,0.028750,0.019950,0.035800
-38.000,-2.000,0.031200,0.015550,0.095000,0.015450,0.031150,0.016400,0.033250
-38.000,0.000,0.030000,0.014450,0.104050,0.016450,0.031900,0.015600,0.032000
-38.000,2.000,0.031200,0.015550,0.095000,0.016400,0.033250,0.015450,0.031150
-38.000,4.000,0.032400,0.016150,0.095850,0.019950,0.035800,0.017400,0.028750
-38.000,6.000,0.031850,0.014700,0.101250,0.016150,0.039300,0.017400,0.029150
-38.000,8.000,0.031800,0.016800,0.093250,0.019350,0.040450,0.015600,0.026750
-38.000,10.000,0.032750,0.016000,0.092550,0.020200,0.046150,0.016400,0.026050
-38.000,12.000,0.033150,0.016950,0.086050,0.019000,0.046300,0.017000,0.025550
-36.000,-16.000,0.032350,0.016350,0.086600,0.016150,0.022250,0.020350,0.055150
-36.000,-14.000,0.033200,0.017500,0.082250,0.015750,0.024050,0.018100,0.056450
-36.000,-12.000,0.032150,0.016950,0.091300,0.015800,0.023850,0.019400,0.049400
-36.000,-10.000,0.033000,0.016600,0.093900,0.015000,0.026750,0.019900,0.047650
-36.000,-8.000,0.033450,0.015650,0.095550,0.015600,0.026750,0.018300,0.043250
-36.000,-6.000,0.030450,0.017650,0.100150,0.017550,0.028000,0.018250,0.040350
-36.000,-4.000,0.032250,0.016900,0.105800,0.014700,0.028500,0.018850,0.036350
-36.000,-2.000,0.032250,0.014350,0.107200,0.017100,0.030850,0.016600,0.033700
-36.000,0.000,0.032200,0.015550,0.108750,0.017450,0.032750,0.015800,0.034050
-36.000,2.000,0.032250,0.014350,0.107200,0.016600,0.033700,0.017100,0.030850
-36.000,4.000,0.032250,0.016900,0.105800,0.018850,0.036350,0.014700,0.028500
-36.000,6.000,0.030450,0.017650,0.100150,0.018250,0.040350,0.017550,0.028000
-36.000,8.000,0.033450,0.015650,0.095550,0.018300,0.043250,0.015600,0.026750
-36.000,10.000,0.033000,0.016600,0.093900,0.019900,0.047650,0.015000,0.026750
-36.000,12.000,0.032150,0.016950,0.091300,0.019400,0.049400,0.015800,0.023850
-36.000,14.000,0.033200,0.017500,0.082250,0.018100,0.056450,0.015750,0.024050
-36.000,16.000,0.032350,0.016350,0.086600,0.020350,0.055150,0.016150,0.022250
-34.000,-20.000,0.033700,0.016350,0.073100,0.017000,0.022000,0.023050,0.062400
-34.000,-18.000,0.031850,0.016900,0.075950,0.016400,0.022400,0.023450,0.061700
-34.000,-16.000,0.034400,0.015900,0.082250,0.016100,0.021450,0.021100,0.059450
-34.000,-14.000,0.030150,0.017650,0.083700,0.016450,0.022750,0.020500,0.054850
-34.000,-12.000,0.033300,0.015850,0.093100,0.014900,0.021850,0.017800,0.051850
-34.000,-10.000,0.033700,0.015950,0.098100,0.016250,0.025900,0.020800,0.044550
-34.000,-8.000,0.031350,0.016300,0.099350,0.015800,0.024650,0.019150,0.044300
-34.000,-6.000,0.032900,0.016400,0.102800,0.014950,0.024400,0.019350,0.040750
-34.000,-4.000,0.035300,0.015050,0.104800,0.015150,0.029400,0.017550,0.039600
-34.000,-2.000,0.031800,0.014900,0.106100,0.017050,0.031000,0.018300,0.033500
-34.000,0.000,0.033150,0.015100,0.110000,0.015350,0.033750,0.014850,0.032250
-34.000,2.000,0.031800,0.014900,0.106100,0.018300,0.033500,0.017050,0.031000
-34.000,4.000,0.035300,0.015050,0.104800,0.017550,0.039600,0.015150,0.029400
-34.000,6.000,0.032900,0.016400,0.102800,0.019350,0.040750,0.014950,0.024400
-34.000,8.000,0.031350,0.016300,0.099350,0.019150,0.044300,0.015800,0.024650
-34.000,10.000,0.033700,0.015950,0.098100,0.020800,0.044550,0.016250,0.025900
-34.000,12.000,0.033300,0.015850,0.093100,0.017800,0.051850,0.014900,0.021850
-34.000,14.000,0.030150,0.017650,0.083700,0.020500,0.054850,0.016450,0.022750
-34.000,16.000,0.034400,0.015900,0.082250,0.021100,0.059450,0.016100,0.021450
-34.000,18.000,0.031850,0.016900,0.075950,0.023450,0.061700,0.016400,0.022400
-34.000,20.000,0.033700,0.016350,0.073100,0.023050,0.062400,0.017000,0.022000
-32.000,-24.000,0.018250,0.008600,0.040050,0.007300,0.011550,0.014350,0.048150
-32.000,-22.000,0.033450,0.019350,0.068400,0.016200,0.021550,0.022500,0.068250
-32.000,-20.000,0.032700,0.017750,0.071600,0.013950,0.023100,0.022000,0.068600
-32.000,-18.000,0.034200,0.017350,0.075900,0.015450,0.021050,0.021550,0.067500
-32.000,-16.000,0.034550,0.017500,0.083400,0.016100,0.020800,0.021700,0.062800
-32.000,-14.000,0.031600,0.016500,0.085200,0.015500,0.023250,0.021900,0.059250
-32.000,-12.000,0.032400,0.016050,0.094050,0.016150,0.023500,0.019650,0.054100
-32.000,-10.000,0.033600,0.017950,0.096100,0.015100,0.024550,0.020500,0.053550
-32.000,-8.000,0.034050,0.017050,0.099750,0.016050,0.024400,0.018650,0.049000
-32.000,-6.000,0.036450,0.016050,0.104450,0.016400,0.028300,0.019150,0.044100
-32.000,-4.000,0.034850,0.015800,0.104250,0.015150,0.029500,0.017300,0.041950
-32.000,-2.000,0.033950,0.015200,0.107600,0.016400,0.032250,0.017500,0.033950
-32.000,0.000,0.033300,0.013800,0.107350,0.017600,0.037050,0.017800,0.033500
-32.000,2.000,0.033950,0.015200,0.107600,0.017500,0.033950,0.016400,0.032250
-32.000,4.000,0.034850,0.015800,0.104250,0.017300,0.041950,0.015150,0.029500
-32.000,6.000,0.036450,0.016050,0.104450,0.019150,0.044100,0.016400,0.028300
-32.000,8.000,0.034050,0.017050,0.099750,0.018650,0.049000,0.016050,0.024400
-32.000,10.000,0.033600,0.017950,0.096100,0.020500,0.053550,0.015100,0.024550
-32.000,12.000,0.032400,0.016050,0.094050,0.019650,0.054100,0.016150,0.023500
-32.000,14.000,0.031600,0.016500,0.085200,0.021900,0.059250,0.015500,0.023250
-32.000,16.000,0.034550,0.017500,0.083400,0.021700,0.062800,0.016100,0.020800
-32.000,18.000,0.034200,0.017350,0.075900,0.021550,0.067500,0.015450,0.021050
-32.000,20.000,0.032700,0.017750,0.071600,0.022000,0.068600,0.013950,0.023100
-32.000,22.000,0.033450,0.019350,0.068400,0.022500,0.068250,0.016200,0.021550
-32.000,24.000,0.018250,0.008600,0.040050,0.014350,0.048150,0.007300,0.011550
-30.000,-26.000,0.038750,0.017450,0.058450,0.016000,0.020300,0.026150,0.078000
-30.000,-24.000,0.032950,0.017000,0.060150,0.016950,0.019150,0.025350,0.079400
-30.000,-22.000,0.035800,0.017950,0.070650,0.015500,0.020800,0.024300,0.071350
-30.000,-20.000,0.031350,0.017000,0.071550,0.015400,0.020700,0.024450,0.072350
-30.000,-18.000,0.030650,0.017200,0.074950,0.015300,0.022650,0.021950,0.069350
-30.000,-16.000,0.035450,0.016750,0.086350,0.015900,0.020550,0.021000,0.065600
-30.000,-14.000,0.034750,0.015600,0.085450,0.015150,0.021300,0.023150,0.063000
-30.000,-12.000,0.034800,0.017350,0.092650,0.015700,0.025000,0.019650,0.057100
-30.000,-10.000,0.035500,0.017200,0.094900,0.017100,0.025600,0.021550,0.054350
-30.000,-8.000,0.034650,0.016600,0.099950,0.015050,0.026300,0.020050,0.052400
-30.000,-6.000,0.036100,0.016550,0.108350,0.016050,0.028600,0.018700,0.043950
-30.000,-4.000,0.036300,0.016150,0.105350,0.015150,0.031500,0.018950,0.042600
-30.000,-2.000,0.038800,0.015900,0.110600,0.016950,0.033300,0.019000,0.038000
-30.000,0.000,0.036200,0.014800,0.110350,0.017900,0.035350,0.016450,0.034900
-30.000,2.000,0.038800,0.015900,0.110600,0.019000,0.038000,0.016950,0.033300
-30.000,4.000,0.036300,0.016150,0.105350,0.018950,0.042600,0.015150,0.031500
-30.000,6.000,0.036100,0.016550,0.108350,0.018700,0.043950,0.016050,0.028600
-30.000,8.000,0.034650,0.016600,0.099950,0.020050,0.052400,0.015050,0.026300
-30.000,10.000,0.035500,0.017200,0.094900,0.021550,0.054350,0.017100,0.025600
-30.000,12.000,0.034800,0.017350,0.092650,0.019650,0.057100,0.015700,0.025000
-30.000,14.000,0.034750,0.015600,0.085450,0.023150,0.063000,0.015150,0.021300
-30.000,16.000,0.035450,0.016750,0.086350,0.021000,0.065600,0.015900,0.020550
-30.000,18.000,0.030650,0.017200,0.074950,0.021950,0.069350,0.015300,0.022650
-30.000,20.000,0.031350,0.017000,0.071550,0.024450,0.072350,0.015400,0.020700
-30.000,22.000,0.035800,0.017950,0.070650,0.024300,0.071350,0.015500,0.020800
-30.000,24.000,0.032950,0.017000,0.060150,0.025350,0.079400,0.016950,0.019150
-30.000,26.000,0.038750,0.017450,0.058450,0.026150,0.078000,0.016000,0.020300
-28.000,-28.000,0.034600,0.016650,0.052150,0.015500,0.020650,0.028250,0.078600
-28.000,-26.000,0.033800,0.015900,0.057350,0.015850,0.019850,0.026500,0.081300
-28.000,-24.000,0.035050,0.016900,0.057750,0.013200,0.019250,0.027000,0.082450
-28.000,-22.000,0.033700,0.017450,0.063600,0.016900,0.020950,0.023900,0.073550
-28.000,-20.000,0.030350,0.015950,0.065000,0.014350,0.021350,0.023050,0.076800
-28.000,-18.000,0.033150,0.016700,0.071150,0.014200,0.018900,0.023550,0.070950
-28.000,-16.000,0.035300,0.017150,0.079800,0.015000,0.020750,0.024000,0.066200
-28.000,-14.000,0.035750,0.017300,0.080200,0.016150,0.024150,0.020550,0.065200
-28.000,-12.000,0.038250,0.017150,0.089000,0.015900,0.023850,0.021250,0.055200
-28.000,-10.000,0.035750,0.015550,0.094300,0.016850,0.024550,0.020550,0.054850
-28.000,-8.000,0.034200,0.017100,0.094450,0.016100,0.024550,0.021700,0.049200
-28.000,-6.000,0.037350,0.016900,0.099700,0.017200,0.027650,0.020400,0.046550
-28.000,-4.000,0.037200,0.016350,0.101500,0.017850,0.029150,0.019300,0.043600
-28.000,-2.000,0.039400,0.016850,0.102050,0.018550,0.033200,0.019600,0.037400
-28.000,0.000,0.037750,0.016950,0.106900,0.018000,0.038000,0.019800,0.035250
-28.000,2.000,0.039400,0.016850,0.102050,0.019600,0.037400,0.018550,0.033200
-28.000,4.000,0.037200,0.016350,0.101500,0.019300,0.043600,0.017850,0.029150
-28.000,6.000,0.037350,0.016900,0.099700,0.020400,0.046550,0.017200,0.027650
-28.000,8.000,0.034200,0.017100,0.094450,0.021700,0.049200,0.016100,0.024550
-28.000,10.000,0.035750,0.015550,0.094300,0.020550,0.054850,0.016850,0.024550
-28.000,12.000,0.038250,0.017150,0.089000,0.021250,0.055200,0.015900,0.023850
-28.000,14.000,0.035750,0.017300,0.080200,0.020550,0.065200,0.016150,0.024150
-28.000,16.000,0.035300,0.017150,0.079800,0.024000,0.066200,0.015000,0.020750
-28.000,18.000,0.033150,0.016700,0.071150,0.023550,0.070950,0.014200,0.018900
-28.000,20.000,0.030350,0.015950,0.065000,0.023050,0.076800,0.014350,0.021350
-28.000,22.000,0.033700,0.017450,0.063600,0.023900,0.073550,0.016900,0.020950
-28.000,24.000,0.035050,0.016900,0.057750,0.027000,0.082450,0.013200,0.019250
-28.000,26.000,0.033800,0.015900,0.057350,0.026500,0.081300,0.015850,0.019850
-28.000,28.000,0.034600,0.016650,0.052150,0.028250,0.078600,0.015500,0.020650
-26.000,-30.000,0.035600,0.019350,0.048100,0.015100,0.017850,0.031400,0.089550
-26.000,-28.000,0.034600,0.017150,0.051800,0.015600,0.018950,0.030050,0.088850
-26.000,-26.000,0.034050,0.017450,0.054250,0.013900,0.017350,0.027800,0.084100
-26.000,-24.000,0.033450,0.016300,0.055850,0.014250,0.019250,0.026050,0.089100
-26.000,-22.000,0.035200,0.016600,0.062950,0.016250,0.018700,0.025200,0.082250
-26.000,-20.000,0.034550,0.015350,0.069250,0.016700,0.018350,0.023950,0.083800
-26.000,-18.000,0.034550,0.017150,0.068450,0.014100,0.021050,0.025000,0.078300
-26.000,-16.000,0.036600,0.018250,0.076350,0.016600,0.022150,0.023550,0.073250
-26.000,-14.000,0.038650,0.018600,0.084350,0.016900,0.020950,0.024350,0.067400
-26.000,-12.000,0.040700,0.016450,0.085800,0.016050,0.025350,0.021150,0.058950
-26.000,-10.000,0.039950,0.016900,0.092000,0.016050,0.025600,0.022200,0.058200
-26.000,-8.000,0.039750,0.017350,0.096600,0.018200,0.027600,0.020400,0.054950
-26.000,-6.000,0.040650,0.017050,0.102050,0.015550,0.030950,0.020750,0.046600
-26.000,-4.000,0.039700,0.016950,0.104150,0.017100,0.029950,0.020900,0.042400
-26.000,-2.000,0.042650,0.016800,0.103050,0.018050,0.035350,0.019300,0.038850
-26.000,0.000,0.042600,0.016800,0.105350,0.018000,0.037450,0.018400,0.037150
-26.000,2.000,0.042650,0.016800,0.103050,0.019300,0.038850,0.018050,0.035350
-26.000,4.000,0.039700,0.016950,0.104150,0.020900,0.042400,0.017100,0.029950
-26.000,6.000,0.040650,0.017050,0.102050,0.020750,0.046600,0.015550,0.030950
-26.000,8.000,0.039750,0.017350,0.096600,0.020400,0.054950,0.018200,0.027600
-26.000,10.000,0.039950,0.016900,0.092000,0.022200,0.058200,0.016050,0.025600
-26.000,12.000,0.040700,0.016450,0.085800,0.021150,0.058950,0.016050,0.025350
-26.000,14.000,0.038650,0.018600,0.084350,0.024350,0.067400,0.016900,0.020950
-26.000,16.000,0.036600,0.018250,0.076350,0.023550,0.073250,0.016600,0.022150
-26.000,18.000,0.034550,0.017150,0.068450,0.025000,0.078300,0.014100,0.021050
-26.000,20.000,0.034550,0.015350,0.069250,0.023950,0.083800,0.016700,0.018350
-26.000,22.000,0.035200,0.016600,0.062950,0.025200,0.082250,0.016250,0.018700
-26.000,24.000,0.033450,0.016300,0.055850,0.026050,0.089100,0.014250,0.019250
-26.000,26.000,0.034050,0.017450,0.054250,0.027800,0.084100,0.013900,0.017350
-26.000,28.000,0.034600,0.017150,0.051800,0.030050,0.088850,0.015600,0.018950
-26.000,30.000,0.035600,0.019350,0.048100,0.031400,0.089550,0.015100,0.017850
-24.000,-32.000,0.018100,0.010450,0.027050,0.008000,0.009000,0.020200,0.060350
-24.000,-30.000,0.033000,0.018500,0.046500,0.015400,0.020250,0.029200,0.088850
-24.000,-28.000,0.030950,0.017150,0.048550,0.015050,0.018100,0.031600,0.090750
-24.000,-26.000,0.033650,0.017100,0.050600,0.015300,0.016500,0.027900,0.090900
-24.000,-24.000,0.034550,0.016450,0.056000,0.015700,0.016300,0.031800,0.091300
-24.000,-22.000,0.038500,0.018050,0.063350,0.015050,0.018500,0.025650,0.086750
-24.000,-20.000,0.034700,0.016400,0.064950,0.014550,0.019600,0.028350,0.082050
-24.000,-18.000,0.037800,0.018050,0.067050,0.014500,0.020250,0.023400,0.080550
-24.000,-16.000,0.039450,0.018200,0.077750,0.014550,0.021750,0.025100,0.070600
-24.000,-14.000,0.041000,0.016000,0.079100,0.016900,0.021700,0.024500,0.066750
-24.000,-12.000,0.044050,0.016900,0.088450,0.016100,0.022350,0.021850,0.064900
-24.000,-10.000,0.045100,0.017850,0.090200,0.019050,0.023300,0.021550,0.060750
-24.000,-8.000,0.041700,0.017850,0.093100,0.018200,0.027250,0.022250,0.049700
-24.000,-6.000,0.044500,0.017850,0.094950,0.017900,0.029650,0.021600,0.051550
-24.000,-4.000,0.043850,0.016450,0.103350,0.019650,0.030600,0.019300,0.047900
-24.000,-2.000,0.044700,0.016100,0.102150,0.018000,0.034100,0.020100,0.040450
-24.000,0.000,0.044150,0.017150,0.100000,0.020300,0.036500,0.018500,0.038850
-24.000,2.000,0.044700,0.016100,0.102150,0.020100,0.040450,0.018000,0.034100
-24.000,4.000,0.043850,0.016450,0.103350,0.019300,0.047900,0.019650,0.030600
-24.000,6.000,0.044500,0.017850,0.094950,0.021600,0.051550,0.017900,0.029650
-24.000,8.000,0.041700,0.017850,0.093100,0.022250,0.049700,0.018200,0.027250
-24.000,10.000,0.045100,0.017850,0.090200,0.021550,0.060750,0.019050,0.023300
-24.000,12.000,0.044050,0.016900,0.088450,0.021850,0.064900,0.016100,0.022350
-24.000,14.000,0.041000,0.016000,0.079100,0.024500,0.066750,0.016900,0.021700
-24.000,16.000,0.039450,0.018200,0.077750,0.025100,0.070600,0.014550,0.021750
-24.000,18.000,0.037800,0.018050,0.067050,0.023400,0.080550,0.014500,0.020250
-24.000,20.000,0.034700,0.016400,0.064950,0.028350,0.082050,0.014550,0.019600
-24.000,22.000,0.038500,0.018050,0.063350,0.025650,0.086750,0.015050,0.018500
-24.000,24.000,0.034550,0.016450,0.056000,0.031800,0.091300,0.015700,0.016300
-24.000,26.000,0.033650,0.017100,0.050600,0.027900,0.090900,0.015300,0.016500
-24.000,28.000,0.030950,0.017150,0.048550,0.031600,0.090750,0.015050,0.018100
-24.000,30.000,0.033000,0.018500,0.046500,0.029200,0.088850,0.015400,0.020250
-24.000,32.000,0.018100,0.010450,0.027050,0.020200,0.060350,0.008000,0.009000
-22.000,-32.000,0.033100,0.017650,0.039950,0.015250,0.016100,0.034500,0.089950
-22.000,-30.000,0.034100,0.017400,0.040350,0.013200,0.017750,0.033150,0.097400
-22.000,-28.000,0.035550,0.019750,0.046300,0.014400,0.016000,0.031000,0.091500
-22.000,-26.000,0.034450,0.019400,0.047300,0.015500,0.018050,0.029350,0.096350
-22.000,-24.000,0.037350,0.018100,0.050300,0.015450,0.017350,0.030500,0.095550
-22.000,-22.000,0.038600,0.017450,0.061300,0.013650,0.018750,0.027950,0.091950
-22.000,-20.000,0.039050,0.017000,0.059450,0.015200,0.020350,0.029450,0.088000
-22.000,-18.000,0.040250,0.016100,0.065900,0.014300,0.017300,0.028800,0.084200
-22.000,-16.000,0.044400,0.017600,0.066350,0.015700,0.021500,0.027750,0.077200
-22.000,-14.000,0.042500,0.018100,0.072700,0.016400,0.022600,0.027100,0.075750
-22.000,-12.000,0.046400,0.018200,0.077100,0.016800,0.023900,0.024550,0.061300
-22.000,-10.000,0.045950,0.018300,0.082900,0.015550,0.027850,0.025150,0.061300
-22.000,-8.000,0.045250,0.018900,0.083550,0.017200,0.027600,0.022850,0.060000
-22.000,-6.000,0.050250,0.019150,0.089600,0.018350,0.030100,0.022750,0.047550
-22.000,-4.000,0.050300,0.017500,0.095750,0.019650,0.032700,0.020900,0.046750
-22.000,-2.000,0.049450,0.018250,0.092950,0.019450,0.033900,0.020300,0.039800
-22.000,0.000,0.049100,0.018850,0.093900,0.020800,0.037900,0.018500,0.039800
-22.000,2.000,0.049450,0.018250,0.092950,0.020300,0.039800,0.019450,0.033900
-22.000,4.000,0.050300,0.017500,0.095750,0.020900,0.046750,0.019650,0.032700
-22.000,6.000,0.050250,0.019150,0.089600,0.022750,0.047550,0.018350,0.030100
-22.000,8.000,0.045250,0.018900,0.083550,0.022850,0.060000,0.017200,0.027600
-22.000,10.000,0.045950,0.018300,0.082900,0.025150,0.061300,0.015550,0.027850
-22.000,12.000,0.046400,0.018200,0.077100,0.024550,0.061300,0.016800,0.023900
-22.000,14.000,0.042500,0.018100,0.072700,0.027100,0.075750,0.016400,0.022600
-22.000,16.000,0.044400,0.017600,0.066350,0.027750,0.077200,0.015700,0.021500
-22.000,18.000,0.040250,0.016100,0.065900,0.028800,0.084200,0.014300,0.017300
-22.000,20.000,0.039050,0.017000,0.059450,0.029450,0.088000,0.015200,0.020350
-22.000,22.000,0.038600,0.017450,0.061300,0.027950,0.091950,0.013650,0.018750
-22.000,24.000,0.037350,0.018100,0.050300,0.030500,0.095550,0.015450,0.017350
-22.000,26.000,0.034450,0.019400,0.047300,0.029350,0.096350,0.015500,0.018050
-22.000,28.000,0.035550,0.019750,0.046300,0.031000,0.091500,0.014400,0.016000
-22.000,30.000,0.034100,0.017400,0.040350,0.033150,0.097400,0.013200,0.017750
-22.000,32.000,0.033100,0.017650,0.039950,0.034500,0.089950,0.015250,0.016100
-20.000,-34.000,0.034750,0.017850,0.040650,0.015450,0.017900,0.037150,0.090650
-20.000,-32.000,0.032950,0.018700,0.039950,0.016050,0.017250,0.034400,0.095950
-20.000,-30.000,0.035000,0.019400,0.040250,0.015700,0.017050,0.032450,0.102700
-20.000,-28.000,0.035400,0.017200,0.043350,0.013550,0.016250,0.034100,0.099800
-20.000,-26.000,0.036150,0.017650,0.046200,0.014650,0.016850,0.031950,0.098900
-20.000,-24.000,0.034600,0.018450,0.051650,0.014400,0.018850,0.032350,0.100550
-20.000,-22.000,0.037800,0.016050,0.055600,0.016350,0.018950,0.030200,0.090150
-20.000,-20.000,0.041700,0.017450,0.063250,0.015950,0.018100,0.028200,0.088350
-20.000,-18.000,0.044350,0.018800,0.063850,0.013500,0.022150,0.027950,0.090700
-20.000,-16.000,0.042900,0.017150,0.068150,0.014500,0.021750,0.029800,0.078300
-20.000,-14.000,0.050150,0.018700,0.074400,0.016200,0.022400,0.027100,0.076850
-20.000,-12.000,0.046650,0.018950,0.078900,0.015100,0.024800,0.025350,0.069050
-20.000,-10.000,0.051350,0.019900,0.080650,0.016750,0.025850,0.026900,0.060550
-20.000,-8.000,0.049200,0.019250,0.084600,0.017700,0.027100,0.022450,0.057950
-20.000,-6.000,0.054650,0.018750,0.090250,0.018150,0.030500,0.025150,0.051800
-20.000,-4.000,0.054450,0.018050,0.085500,0.021550,0.033000,0.020600,0.050900
-20.000,-2.000,0.054200,0.018100,0.093850,0.020300,0.034350,0.021150,0.041900
-20.000,0.000,0.054000,0.017900,0.094400,0.019750,0.036300,0.021850,0.037200
-20.000,2.000,0.054200,0.018100,0.093850,0.021150,0.041900,0.020300,0.034350
-20.000,4.000,0.054450,0.018050,0.085500,0.020600,0.050900,0.021550,0.033000
-20.000,6.000,0.054650,0.018750,0.090250,0.025150,0.051800,0.018150,0.030500
-20.000,8.000,0.049200,0.019250,0.084600,0.022450,0.057950,0.017700,0.027100
-20.000,10.000,0.051350,0.019900,0.080650,0.026900,0.060550,0.016750,0.025850
-20.000,12.000,0.046650,0.018950,0.078900,0.025350,0.069050,0.015100,0.024800
-20.000,14.000,0.050150,0.018700,0.074400,0.027100,0.076850,0.016200,0.022400
-20.000,16.000,0.042900,0.017150,0.068150,0.029800,0.078300,0.014500,0.021750
-20.000,18.000,0.044350,0.018800,0.063850,0.027950,0.090700,0.013500,0.022150
-20.000,20.000,0.041700,0.017450,0.063250,0.028200,0.088350,0.015950,0.018100
-20.000,22.000,0.037800,0.016050,0.055600,0.030200,0.090150,0.016350,0.018950
-20.000,24.000,0.034600,0.018450,0.051650,0.032350,0.100550,0.014400,0.018850
-20.000,26.000,0.036150,0.017650,0.046200,0.031950,0.098900,0.014650,0.016850
-20.000,28.000,0.035400,0.017200,0.043350,0.034100,0.099800,0.013550,0.016250
-20.000,30.000,0.035000,0.019400,0.040250,0.032450,0.102700,0.015700,0.017050
-20.000,32.000,0.032950,0.018700,0.039950,0.034400,0.095950,0.016050,0.017250
-20.000,34.000,0.034750,0.017850,0.040650,0.037150,0.090650,0.015450,0.017900
-18.000,-34.000,0.032500,0.016450,0.036200,0.014500,0.015050,0.040650,0.091000
-18.000,-32.000,0.031900,0.018200,0.036750,0.015400,0.014100,0.038650,0.095200
-18.000,-30.000,0.034050,0.017900,0.042000,0.013200,0.016500,0.037650,0.101250
-18.000,-28.000,0.034200,0.017350,0.040750,0.015800,0.018000,0.037600,0.097350
-18.000,-26.000,0.035350,0.018850,0.043550,0.014050,0.017500,0.034050,0.098050
-18.000,-24.000,0.036050,0.017700,0.052250,0.013350,0.017950,0.033200,0.096800
-18.000,-22.000,0.039250,0.017500,0.052950,0.014200,0.017200,0.032000,0.088750
-18.000,-20.000,0.041650,0.018900,0.058100,0.015350,0.018200,0.033750,0.085850
-18.000,-18.000,0.039450,0.018300,0.060100,0.014600,0.020800,0.032050,0.086350
-18.000,-16.000,0.048600,0.018850,0.068800,0.016500,0.020650,0.029700,0.081100
-18.000,-14.000,0.048700,0.016650,0.068150,0.016250,0.022450,0.029700,0.075000
-18.000,-12.000,0.051400,0.019300,0.074650,0.016600,0.022150,0.026550,0.065350
-18.000,-10.000,0.050700,0.018600,0.077200,0.017650,0.028050,0.030350,0.060550
-18.000,-8.000,0.052400,0.019500,0.082350,0.017700,0.028650,0.026900,0.058250
-18.000,-6.000,0.058800,0.019850,0.083450,0.019650,0.028400,0.023150,0.047600
-18.000,-4.000,0.059400,0.020350,0.083250,0.020100,0.030600,0.025400,0.045550
-18.000,-2.000,0.057200,0.019200,0.086100,0.019100,0.035100,0.022100,0.040600
-18.000,0.000,0.057850,0.018550,0.090150,0.021900,0.034300,0.021150,0.037250
-18.000,2.000,0.057200,0.019200,0.086100,0.022100,0.040600,0.019100,0.035100
-18.000,4.000,0.059400,0.020350,0.083250,0.025400,0.045550,0.020100,0.030600
-18.000,6.000,0.058800,0.019850,0.083450,0.023150,0.047600,0.019650,0.028400
-18.000,8.000,0.052400,0.019500,0.082350,0.026900,0.058250,0.017700,0.028650
-18.000,10.000,0.050700,0.018600,0.077200,0.030350,0.060550,0.017650,0.028050
-18.000,12.000,0.051400,0.019300,0.074650,0.026550,0.065350,0.016600,0.022150
-18.000,14.000,0.048700,0.016650,0.068150,0.029700,0.075000,0.016250,0.022450
-18.000,16.000,0.048600,0.018850,0.068800,0.029700,0.081100,0.016500,0.020650
-18.000,18.000,0.039450,0.018300,0.060100,0.032050,0.086350,0.014600,0.020800
-18.000,20.000,0.041650,0.018900,0.058100,0.033750,0.085850,0.015350,0.018200
-18.000,22.000,0.039250,0.017500,0.052950,0.032000,0.088750,0.014200,0.017200
-18.000,24.000,0.036050,0.017700,0.052250,0.033200,0.096800,0.013350,0.017950
-18.000,26.000,0.035350,0.018850,0.043550,0.034050,0.098050,0.014050,0.017500
-18.000,28.000,0.034200,0.017350,0.040750,0.037600,0.097350,0.015800,0.018000
-18.000,30.000,0.034050,0.017900,0.042000,0.037650,0.101250,0.013200,0.016500
-18.000,32.000,0.031900,0.018200,0.036750,0.038650,0.095200,0.015400,0.014100
-18.000,34.000,0.032500,0.016450,0.036200,0.040650,0.091000,0.014500,0.015050
-16.000,-36.000,0.034550,0.021050,0.035750,0.014050,0.016650,0.042250,0.097700
-16.000,-34.000,0.030950,0.019400,0.036100,0.015800,0.016850,0.040300,0.096550
-16.000,-32.000,0.033000,0.017950,0.035300,0.012900,0.016300,0.041650,0.101000
-16.000,-30.000,0.034550,0.019150,0.038800,0.014100,0.014500,0.039250,0.110500
-16.000,-28.000,0.036800,0.018650,0.036550,0.012750,0.016800,0.037500,0.101600
-16.000,-26.000,0.036650,0.018200,0.044000,0.014950,0.017050,0.039050,0.102650
-16.000,-24.000,0.040700,0.018350,0.044850,0.012950,0.018000,0.037450,0.100150
-16.000,-22.000,0.042850,0.017300,0.049050,0.014700,0.017050,0.037150,0.095200
-16.000,-20.000,0.042850,0.018550,0.049750,0.014850,0.019400,0.035950,0.097450
-16.000,-18.000,0.045000,0.020100,0.054250,0.015300,0.019850,0.035750,0.092200
-16.000,-16.000,0.051000,0.019150,0.061300,0.016100,0.019900,0.034050,0.083650
-16.000,-14.000,0.050650,0.020300,0.064350,0.015500,0.021700,0.031250,0.080150
-16.000,-12.000,0.053350,0.020450,0.070650,0.018350,0.023550,0.029600,0.064200
-16.000,-10.000,0.055850,0.018250,0.072400,0.015150,0.025100,0.027600,0.066000
-16.000,-8.000,0.058650,0.020750,0.070950,0.019100,0.027250,0.028250,0.058700
-16.000,-6.000,0.062950,0.021450,0.075550,0.019650,0.031650,0.023250,0.051450
-16.000,-4.000,0.065700,0.019750,0.075900,0.022600,0.033600,0.025200,0.045500
-16.000,-2.000,0.063800,0.020950,0.077650,0.022400,0.036200,0.022750,0.042450
-16.000,0.000,0.067050,0.018900,0.076650,0.023450,0.038800,0.024500,0.039350
-16.000,2.000,0.063800,0.020950,0.077650,0.022750,0.042450,0.022400,0.036200
-16.000,4.000,0.065700,0.019750,0.075900,0.025200,0.045500,0.022600,0.033600
-16.000,6.000,0.062950,0.021450,0.075550,0.023250,0.051450,0.019650,0.031650
-16.000,8.000,0.058650,0.020750,0.070950,0.028250,0.058700,0.019100,0.027250
-16.000,10.000,0.055850,0.018250,0.072400,0.027600,0.066000,0.015150,0.025100
-16.000,12.000,0.053350,0.020450,0.070650,0.029600,0.064200,0.018350,0.023550
-16.000,14.000,0.050650,0.020300,0.064350,0.031250,0.080150,0.015500,0.021700
-16.000,16.000,0.051000,0.019150,0.061300,0.034050,0.083650,0.016100,0.019900
-16.000,18.000,0.045000,0.020100,0.054250,0.035750,0.092200,0.015300,0.019850
-16.000,20.000,0.042850,0.018550,0.049750,0.035950,0.097450,0.014850,0.019400
-16.000,22.000,0.042850,0.017300,0.049050,0.037150,0.095200,0.014700,0.017050
-16.000,24.000,0.040700,0.018350,0.044850,0.037450,0.100150,0.012950,0.018000
-16.000,26.000,0.036650,0.018200,0.044000,0.039050,0.102650,0.014950,0.017050
-16.000,28.000,0.036800,0.018650,0.036550,0.037500,0.101600,0.012750,0.016800
-16.000,30.000,0.034550,0.019150,0.038800,0.039250,0.110500,0.014100,0.014500
-16.000,32.000,0.033000,0.017950,0.035300,0.041650,0.101000,0.012900,0.016300
-16.000,34.000,0.030950,0.019400,0.036100,0.040300,0.096550,0.015800,0.016850
-16.000,36.000,0.034550,0.021050,0.035750,0.042250,0.097700,0.014050,0.016650
-14.000,-36.000,0.033550,0.019050,0.031950,0.014350,0.016000,0.043200,0.095500
-14.000,-34.000,0.032800,0.019450,0.034400,0.015150,0.016400,0.044350,0.097500
-14.000,-32.000,0.031300,0.020000,0.034550,0.014650,0.015050,0.042950,0.101250
-14.000,-30.000,0.034450,0.021100,0.034050,0.012950,0.018200,0.044050,0.104300
-14.000,-28.000,0.038300,0.018550,0.041250,0.012200,0.017300,0.041850,0.106550
-14.000,-26.000,0.041450,0.019300,0.039050,0.014200,0.016100,0.040400,0.104850
-14.000,-24.000,0.039550,0.019050,0.043000,0.016650,0.016200,0.039250,0.102250
-14.000,-22.000,0.045100,0.022250,0.050350,0.014000,0.016950,0.039250,0.096050
-14.000,-20.000,0.046350,0.020800,0.051450,0.016100,0.019250,0.039750,0.090800
-14.000,-18.000,0.047950,0.021650,0.050600,0.016300,0.017950,0.036700,0.087600
-14.000,-16.000,0.050900,0.020950,0.059050,0.014000,0.021350,0.034700,0.080850
-14.000,-14.000,0.054150,0.019750,0.060000,0.015800,0.019650,0.031900,0.078000
-14.000,-12.000,0.057900,0.021550,0.068350,0.016900,0.024950,0.034700,0.066700
-14.000,-10.000,0.060800,0.021800,0.070200,0.018100,0.024550,0.031650,0.066200
-14.000,-8.000,0.059300,0.020350,0.066600,0.018700,0.027800,0.031400,0.059950
-14.000,-6.000,0.063950,0.021700,0.073700,0.022050,0.031500,0.027300,0.054900
-14.000,-4.000,0.067250,0.023200,0.073550,0.022200,0.031350,0.027200,0.049700
-14.000,-2.000,0.066850,0.022650,0.074650,0.023050,0.035350,0.024250,0.042500
-14.000,0.000,0.068950,0.022450,0.078550,0.023400,0.039200,0.022950,0.036950
-14.000,2.000,0.066850,0.022650,0.074650,0.024250,0.042500,0.023050,0.035350
-14.000,4.000,0.067250,0.023200,0.073550,0.027200,0.049700,0.022200,0.031350
-14.000,6.000,0.063950,0.021700,0.073700,0.027300,0.054900,0.022050,0.031500
-14.000,8.000,0.059300,0.020350,0.066600,0.031400,0.059950,0.018700,0.027800
-14.000,10.000,0.060800,0.021800,0.070200,0.031650,0.066200,0.018100,0.024550
-14.000,12.000,0.057900,0.021550,0.068350,0.034700,0.066700,0.016900,0.024950
-14.000,14.000,0.054150,0.019750,0.060000,0.031900,0.078000,0.015800,0.019650
-14.000,16.000,0.050900,0.020950,0.059050,0.034700,0.080850,0.014000,0.021350
-14.000,18.000,0.047950,0.021650,0.050600,0.036700,0.087600,0.016300,0.017950
-14.000,20.000,0.046350,0.020800,0.051450,0.039750,0.090800,0.016100,0.019250
-14.000,22.000,0.045100,0.022250,0.050350,0.039250,0.096050,0.014000,0.016950
-14.000,24.000,0.039550,0.019050,0.043000,0.039250,0.102250,0.016650,0.016200
-14.000,26.000,0.041450,0.019300,0.039050,0.040400,0.104850,0.014200,0.016100
-14.000,28.000,0.038300,0.018550,0.041250,0.041850,0.106550,0.012200,0.017300
-14.000,30.000,0.034450,0.021100,0.034050,0.044050,0.104300,0.012950,0.018200
-14.000,32.000,0.031300,0.020000,0.034550,0.042950,0.101250,0.014650,0.015050
-14.000,34.000,0.032800,0.019450,0.034400,0.044350,0.097500,0.015150,0.016400
-14.000,36.000,0.033550,0.019050,0.031950,0.043200,0.095500,0.014350,0.016000
-12.000,-38.000,0.035200,0.020500,0.031300,0.014700,0.016000,0.048500,0.083300
-12.000,-36.000,0.032000,0.021050,0.028150,0.015450,0.017450,0.050250,0.094450
-12.000,-34.000,0.034100,0.019850,0.031400,0.014200,0.015750,0.050250,0.096900
-12.000,-32.000,0.033650,0.019100,0.034350,0.014250,0.015800,0.045150,0.095600
-12.000,-30.000,0.034550,0.020500,0.034000,0.013350,0.015800,0.050500,0.104100
-12.000,-28.000,0.036700,0.020000,0.034550,0.013900,0.016350,0.048950,0.102000
-12.000,-26.000,0.040200,0.019550,0.038500,0.015600,0.016450,0.046050,0.104550
-12.000,-24.000,0.042000,0.019800,0.040400,0.015600,0.016400,0.043550,0.100850
-12.000,-22.000,0.043500,0.020250,0.044300,0.015800,0.019000,0.042700,0.090700
-12.000,-20.000,0.048950,0.020350,0.045600,0.015050,0.019200,0.043650,0.089400
-12.000,-18.000,0.049700,0.023600,0.048350,0.016350,0.021050,0.039150,0.083900
-12.000,-16.000,0.054250,0.020050,0.052100,0.018800,0.019750,0.040550,0.078400
-12.000,-14.000,0.059200,0.022100,0.054850,0.017750,0.021000,0.037250,0.076250
-12.000,-12.000,0.062550,0.022050,0.056900,0.017950,0.023200,0.035550,0.063950
-12.000,-10.000,0.066650,0.022850,0.058800,0.019050,0.022950,0.035350,0.064150
-12.000,-8.000,0.065350,0.020750,0.057450,0.018550,0.027200,0.034000,0.058150
-12.000,-6.000,0.071700,0.021150,0.064500,0.021100,0.028700,0.029350,0.051100
-12.000,-4.000,0.073150,0.024700,0.066300,0.022150,0.032100,0.030350,0.043250
-12.000,-2.000,0.073700,0.022700,0.065000,0.024950,0.036100,0.025150,0.040150
-12.000,0.000,0.076750,0.022050,0.064400,0.023600,0.035300,0.026750,0.036550
-12.000,2.000,0.073700,0.022700,0.065000,0.025150,0.040150,0.024950,0.036100
-12.000,4.000,0.073150,0.024700,0.066300,0.030350,0.043250,0.022150,0.032100
-12.000,6.000,0.071700,0.021150,0.064500,0.029350,0.051100,0.021100,0.028700
-12.000,8.000,0.065350,0.020750,0.057450,0.034000,0.058150,0.018550,0.027200
-12.000,10.000,0.066650,0.022850,0.058800,0.035350,0.064150,0.019050,0.022950
-12.000,12.000,0.062550,0.022050,0.056900,0.035550,0.063950,0.017950,0.023200
-12.000,14.000,0.059200,0.022100,0.054850,0.037250,0.076250,0.017750,0.021000
-12.000,16.000,0.054250,0.020050,0.052100,0.040550,0.078400,0.018800,0.019750
-12.000,18.000,0.049700,0.023600,0.048350,0.039150,0.083900,0.016350,0.021050
-12.000,20.000,0.048950,0.020350,0.045600,0.043650,0.089400,0.015050,0.019200
-12.000,22.000,0.043500,0.020250,0.044300,0.042700,0.090700,0.015800,0.019000
-12.000,24.000,0.042000,0.019800,0.040400,0.043550,0.100850,0.015600,0.016400
-12.000,26.000,0.040200,0.019550,0.038500,0.046050,0.104550,0.015600,0.016450
-12.000,28.000,0.036700,0.020000,0.034550,0.048950,0.102000,0.013900,0.016350
-12.000,30.000,0.034550,0.020500,0.034000,0.050500,0.104100,0.013350,0.015800
-12.000,32.000,0.033650,0.019100,0.034350,0.045150,0.095600,0.014250,0.015800
-12.000,34.000,0.034100,0.019850,0.031400,0.050250,0.096900,0.014200,0.015750
-12.000,36.000,0.032000,0.021050,0.028150,0.050250,0.094450,0.015450,0.017450
-12.000,38.000,0.035200,0.020500,0.031300,0.048500,0.083300,0.014700,0.016000
-10.000,-38.000,0.033200,0.020800,0.029500,0.018300,0.015400,0.052050,0.084100
-10.000,-36.000,0.033500,0.019400,0.029600,0.015600,0.015300,0.054500,0.093400
-10.000,-34.000,0.032050,0.021550,0.029650,0.014750,0.016500,0.052150,0.100550
-10.000,-32.000,0.033800,0.019350,0.030200,0.015350,0.014350,0.050750,0.104900
-10.000,-30.000,0.035700,0.020150,0.033450,0.016150,0.015850,0.051500,0.104700
-10.000,-28.000,0.037300,0.020100,0.036100,0.014250,0.015650,0.048850,0.101550
-10.000,-26.000,0.041150,0.018850,0.035800,0.014000,0.015350,0.050650,0.099900
-10.000,-24.000,0.042250,0.021450,0.038850,0.014050,0.017850,0.047400,0.105400
-10.000,-22.000,0.047300,0.022450,0.043000,0.014950,0.018350,0.045650,0.088500
-10.000,-20.000,0.049450,0.022350,0.046400,0.016900,0.018250,0.044250,0.086750
-10.000,-18.000,0.051800,0.022800,0.049550,0.016400,0.018700,0.044100,0.084800
-10.000,-16.000,0.058800,0.023500,0.051200,0.016700,0.020750,0.040200,0.081200
-10.000,-14.000,0.060450,0.023800,0.049600,0.017600,0.021550,0.039650,0.072500
-10.000,-12.000,0.066850,0.024350,0.054200,0.018700,0.023100,0.037800,0.065050
-10.000,-10.000,0.071000,0.024150,0.058050,0.020400,0.023850,0.036150,0.064000
-10.000,-8.000,0.071050,0.025100,0.057100,0.018900,0.025850,0.034050,0.057800
-10.000,-6.000,0.073250,0.024900,0.059500,0.022250,0.028900,0.030850,0.050200
-10.000,-4.000,0.073550,0.024850,0.060600,0.021550,0.031650,0.029450,0.049300
-10.000,-2.000,0.077550,0.025000,0.063650,0.024250,0.036450,0.027650,0.041850
-10.000,0.000,0.079000,0.025100,0.061850,0.026200,0.039650,0.025150,0.039800
-10.000,2.000,0.077550,0.025000,0.063650,0.027650,0.041850,0.024250,0.036450
-10.000,4.000,0.073550,0.024850,0.060600,0.029450,0.049300,0.021550,0.031650
-10.000,6.000,0.073250,0.024900,0.059500,0.030850,0.050200,0.022250,0.028900
-10.000,8.000,0.071050,0.025100,0.057100,0.034050,0.057800,0.018900,0.025850
-10.000,10.000,0.071000,0.024150,0.058050,0.036150,0.064000,0.020400,0.023850
-10.000,12.000,0.066850,0.024350,0.054200,0.037800,0.065050,0.018700,0.023100
-10.000,14.000,0.060450,0.023800,0.049600,0.039650,0.072500,0.017600,0.021550
-10.000,16.000,0.058800,0.023500,0.051200,0.040200,0.081200,0.016700,0.020750
-10.000,18.000,0.051800,0.022800,0.049550,0.044100,0.084800,0.016400,0.018700
-10.000,20.000,0.049450,0.022350,0.046400,0.044250,0.086750,0.016900,0.018250
-10.000,22.000,0.047300,0.022450,0.043000,0.045650,0.088500,0.014950,0.018350
-10.000,24.000,0.042250,0.021450,0.038850,0.047400,0.105400,0.014050,0.017850
-10.000,26.000,0.041150,0.018850,0.035800,0.050650,0.099900,0.014000,0.015350
-10.000,28.000,0.037300,0.020100,0.036100,0.048850,0.101550,0.014250,0.015650
-10.000,30.000,0.035700,0.020150,0.033450,0.051500,0.104700,0.016150,0.015850
-10.000,32.000,0.033800,0.019350,0.030200,0.050750,0.104900,0.015350,0.014350
-10.000,34.000,0.032050,0.021550,0.029650,0.052150,0.100550,0.014750,0.016500
-10.000,36.000,0.033500,0.019400,0.029600,0.054500,0.093400,0.015600,0.015300
-10.000,38.000,0.033200,0.020800,0.029500,0.052050,0.084100,0.018300,0.015400
-8.000,-38.000,0.032400,0.021650,0.028400,0.015200,0.016850,0.054400,0.086550
-8.000,-36.000,0.032000,0.020250,0.029350,0.015150,0.015150,0.058200,0.093250
-8.000,-34.000,0.033750,0.020700,0.030000,0.014900,0.015550,0.054950,0.095650
-8.000,-32.000,0.034700,0.021100,0.030600,0.013700,0.014550,0.055300,0.100050
-8.000,-30.000,0.034850,0.021800,0.030800,0.013800,0.014650,0.056950,0.102950
-8.000,-28.000,0.035550,0.021400,0.033550,0.014500,0.015400,0.054550,0.096000
-8.000,-26.000,0.039450,0.021850,0.034250,0.015850,0.016700,0.051200,0.094800
-8.000,-24.000,0.041950,0.021450,0.034550,0.017800,0.016300,0.054650,0.093400
-8.000,-22.000,0.045600,0.023300,0.039800,0.015550,0.017600,0.053600,0.088100
-8.000,-20.000,0.052800,0.024150,0.044900,0.017350,0.020600,0.049400,0.085250
-8.000,-18.000,0.051800,0.023300,0.039300,0.016650,0.019450,0.048700,0.085150
-8.000,-16.000,0.057750,0.022450,0.048500,0.016800,0.019350,0.045200,0.082150
-8.000,-14.000,0.059450,0.023950,0.049300,0.019000,0.020500,0.044350,0.067900
-8.000,-12.000,0.070550,0.025200,0.050350,0.019200,0.022900,0.041850,0.061800
-8.000,-10.000,0.067000,0.024000,0.051250,0.022250,0.025150,0.038700,0.061650
-8.000,-8.000,0.069850,0.025300,0.051500,0.021300,0.026150,0.034150,0.057050
-8.000,-6.000,0.077150,0.026900,0.057950,0.022300,0.029300,0.031700,0.053500
-8.000,-4.000,0.076300,0.025300,0.057350,0.022600,0.032050,0.031500,0.044850
-8.000,-2.000,0.077150,0.025700,0.058550,0.024600,0.034650,0.030200,0.042300
-8.000,0.000,0.077350,0.028750,0.056300,0.028650,0.037300,0.026100,0.037250
-8.000,2.000,0.077150,0.025700,0.058550,0.030200,0.042300,0.024600,0.034650
-8.000,4.000,0.076300,0.025300,0.057350,0.031500,0.044850,0.022600,0.032050
-8.000,6.000,0.077150,0.026900,0.057950,0.031700,0.053500,0.022300,0.029300
-8.000,8.000,0.069850,0.025300,0.051500,0.034150,0.057050,0.021300,0.026150
-8.000,10.000,0.067000,0.024000,0.051250,0.038700,0.061650,0.022250,0.025150
-8.000,12.000,0.070550,0.025200,0.050350,0.041850,0.061800,0.019200,0.022900
-8.000,14.000,0.059450,0.023950,0.049300,0.044350,0.067900,0.019000,0.020500
-8.000,16.000,0.057750,0.022450,0.048500,0.045200,0.082150,0.016800,0.019350
-8.000,18.000,0.051800,0.023300,0.039300,0.048700,0.085150,0.016650,0.019450
-8.000,20.000,0.052800,0.024150,0.044900,0.049400,0.085250,0.017350,0.020600
-8.000,22.000,0.045600,0.023300,0.039800,0.053600,0.088100,0.015550,0.017600
-8.000,24.000,0.041950,0.021450,0.034550,0.054650,0.093400,0.017800,0.016300
-8.000,26.000,0.039450,0.021850,0.034250,0.051200,0.094800,0.015850,0.016700
-8.000,28.000,0.035550,0.021400,0.033550,0.054550,0.096000,0.014500,0.015400
-8.000,30.000,0.034850,0.021800,0.030800,0.056950,0.102950,0.013800,0.014650
-8.000,32.000,0.034700,0.021100,0.030600,0.055300,0.100050,0.013700,0.014550
-8.000,34.000,0.033750,0.020700,0.030000,0.054950,0.095650,0.014900,0.015550
-8.000,36.000,0.032000,0.020250,0.029350,0.058200,0.093250,0.015150,0.015150
-8.000,38.000,0.032400,0.021650,0.028400,0.054400,0.086550,0.015200,0.016850
-6.000,-38.000,0.030600,0.021900,0.027750,0.014750,0.015800,0.059600,0.083550
-6.000,-36.000,0.033500,0.021200,0.026750,0.015000,0.017000,0.066300,0.090450
-6.000,-34.000,0.034300,0.019000,0.026750,0.014650,0.017100,0.063200,0.090900
-6.000,-32.000,0.034900,0.022900,0.027500,0.014400,0.014800,0.062800,0.098250
-6.000,-30.000,0.037750,0.021650,0.027750,0.014400,0.015800,0.064000,0.096400
-6.000,-28.000,0.040150,0.021900,0.030900,0.015450,0.015100,0.063300,0.093550
-6.000,-26.000,0.041550,0.022600,0.031450,0.016250,0.016750,0.060400,0.093400
-6.000,-24.000,0.046200,0.023150,0.034550,0.016100,0.017050,0.060250,0.092600
-6.000,-22.000,0.048350,0.024350,0.034850,0.016700,0.016650,0.056150,0.082850
-6.000,-20.000,0.054800,0.026700,0.036600,0.016800,0.016850,0.056150,0.082500
-6.000,-18.000,0.058050,0.024600,0.036850,0.015600,0.020650,0.056200,0.079200
-6.000,-16.000,0.064950,0.025700,0.041650,0.017850,0.019700,0.051700,0.073300
-6.000,-14.000,0.065500,0.025300,0.043700,0.020250,0.021350,0.050450,0.068400
-6.000,-12.000,0.073600,0.026850,0.042050,0.020550,0.021900,0.041850,0.061250
-6.000,-10.000,0.076450,0.028100,0.047700,0.021250,0.024350,0.042800,0.061350
-6.000,-8.000,0.077350,0.026350,0.045900,0.021000,0.024400,0.042050,0.052650
-6.000,-6.000,0.079450,0.028000,0.052000,0.024400,0.027000,0.034750,0.048550
-6.000,-4.000,0.086200,0.030950,0.047600,0.027400,0.028900,0.033850,0.041900
-6.000,-2.000,0.085350,0.028950,0.050650,0.026650,0.037000,0.033150,0.040250
-6.000,0.000,0.089100,0.029500,0.052500,0.028050,0.035850,0.028800,0.036950
-6.000,2.000,0.085350,0.028950,0.050650,0.033150,0.040250,0.026650,0.037000
-6.000,4.000,0.086200,0.030950,0.047600,0.033850,0.041900,0.027400,0.028900
-6.000,6.000,0.079450,0.028000,0.052000,0.034750,0.048550,0.024400,0.027000
-6.000,8.000,0.077350,0.026350,0.045900,0.042050,0.052650,0.021000,0.024400
-6.000,10.000,0.076450,0.028100,0.047700,0.042800,0.061350,0.021250,0.024350
-6.000,12.000,0.073600,0.026850,0.042050,0.041850,0.061250,0.020550,0.021900
-6.000,14.000,0.065500,0.025300,0.043700,0.050450,0.068400,0.020250,0.021350
-6.000,16.000,0.064950,0.025700,0.041650,0.051700,0.073300,0.017850,0.019700
-6.000,18.000,0.058050,0.024600,0.036850,0.056200,0.079200,0.015600,0.020650
-6.000,20.000,0.054800,0.026700,0.036600,0.056150,0.082500,0.016800,0.016850
-6.000,22.000,0.048350,0.024350,0.034850,0.056150,0.082850,0.016700,0.016650
-6.000,24.000,0.046200,0.023150,0.034550,0.060250,0.092600,0.016100,0.017050
-6.000,26.000,0.041550,0.022600,0.031450,0.060400,0.093400,0.016250,0.016750
-6.000,28.000,0.040150,0.021900,0.030900,0.063300,0.093550,0.015450,0.015100
-6.000,30.000,0.037750,0.021650,0.027750,0.064000,0.096400,0.014400,0.015800
-6.000,32.000,0.034900,0.022900,0.027500,0.062800,0.098250,0.014400,0.014800
-6.000,34.000,0.034300,0.019000,0.026750,0.063200,0.090900,0.014650,0.017100
-6.000,36.000,0.033500,0.021200,0.026750,0.066300,0.090450,0.015000,0.017000
-6.000,38.000,0.030600,0.021900,0.027750,0.059600,0.083550,0.014750,0.015800
-4.000,-38.000,0.033150,0.020850,0.024700,0.015700,0.015200,0.061000,0.079300
-4.000,-36.000,0.031800,0.022050,0.026950,0.013100,0.016150,0.067700,0.085150
-4.000,-34.000,0.030850,0.022800,0.025850,0.014800,0.015950,0.068550,0.087600
-4.000,-32.000,0.033800,0.023050,0.029500,0.014450,0.015050,0.067000,0.091900
-4.000,-30.000,0.037200,0.023100,0.030300,0.013850,0.014600,0.070650,0.093600
-4.000,-28.000,0.038700,0.024300,0.030300,0.014850,0.016500,0.065500,0.090950
-4.000,-26.000,0.043200,0.024050,0.030250,0.014350,0.016600,0.068250,0.091350
-4.000,-24.000,0.046950,0.023350,0.031500,0.015800,0.016200,0.066500,0.086000
-4.000,-22.000,0.049950,0.027300,0.035100,0.016550,0.017950,0.057850,0.081000
-4.000,-20.000,0.054400,0.025200,0.035200,0.017000,0.019350,0.062750,0.079650
-4.000,-18.000,0.057000,0.027850,0.035850,0.016950,0.017400,0.055650,0.082850
-4.000,-16.000,0.067200,0.028500,0.038300,0.019200,0.019050,0.051050,0.068250
-4.000,-14.000,0.064100,0.028300,0.041400,0.019200,0.022300,0.050500,0.067250
-4.000,-12.000,0.072550,0.028450,0.039000,0.021200,0.022500,0.044500,0.059800
-4.000,-10.000,0.074000,0.027700,0.042600,0.019500,0.024800,0.045700,0.058450
-4.000,-8.000,0.080850,0.028250,0.042850,0.022400,0.026200,0.039650,0.055250
-4.000,-6.000,0.082000,0.031150,0.044950,0.024150,0.028950,0.037200,0.044800
-4.000,-4.000,0.083400,0.029300,0.045200,0.025000,0.031300,0.036000,0.043800
-4.000,-2.000,0.084350,0.032100,0.046150,0.028100,0.032600,0.031000,0.037200
-4.000,0.000,0.085700,0.032200,0.048850,0.032950,0.036900,0.028550,0.034200
-4.000,2.000,0.084350,0.032100,0.046150,0.031000,0.037200,0.028100,0.032600
-4.000,4.000,0.083400,0.029300,0.045200,0.036000,0.043800,0.025000,0.031300
-4.000,6.000,0.082000,0.031150,0.044950,0.037200,0.044800,0.024150,0.028950
-4.000,8.000,0.080850,0.028250,0.042850,0.039650,0.055250,0.022400,0.026200
-4.000,10.000,0.074000,0.027700,0.042600,0.045700,0.058450,0.019500,0.024800
-4.000,12.000,0.072550,0.028450,0.039000,0.044500,0.059800,0.021200,0.022500
-4.000,14.000,0.064100,0.028300,0.041400,0.050500,0.067250,0.019200,0.022300
-4.000,16.000,0.067200,0.028500,0.038300,0.051050,0.068250,0.019200,0.019050
-4.000,18.000,0.057000,0.027850,0.035850,0.055650,0.082850,0.016950,0.017400
-4.000,20.000,0.054400,0.025200,0.035200,0.062750,0.079650,0.017000,0.019350
-4.000,22.000,0.049950,0.027300,0.035100,0.057850,0.081000,0.016550,0.017950
-4.000,24.000,0.046950,0.023350,0.031500,0.066500,0.086000,0.015800,0.016200
-4.000,26.000,0.043200,0.024050,0.030250,0.068250,0.091350,0.014350,0.016600
-4.000,28.000,0.038700,0.024300,0.030300,0.065500,0.090950,0.014850,0.016500
-4.000,30.000,0.037200,0.023100,0.030300,0.070650,0.093600,0.013850,0.014600
-4.000,32.000,0.033800,0.023050,0.029500,0.067000,0.091900,0.014450,0.015050
-4.000,34.000,0.030850,0.022800,0.025850,0.068550,0.087600,0.014800,0.015950
-4.000,36.000,0.031800,0.022050,0.026950,0.067700,0.085150,0.013100,0.016150
-4.000,38.000,0.033150,0.020850,0.024700,0.061000,0.079300,0.015700,0.015200
-2.000,-38.000,0.031050,0.024050,0.025900,0.015600,0.014650,0.067900,0.074950
-2.000,-36.000,0.030700,0.021950,0.023150,0.014100,0.015300,0.075700,0.081250
-2.000,-34.000,0.032450,0.023650,0.025050,0.014800,0.015950,0.072050,0.079550
-2.000,-32.000,0.032900,0.023350,0.026350,0.013350,0.014050,0.074600,0.081150
-2.000,-30.000,0.037250,0.027300,0.024900,0.015150,0.015150,0.075950,0.082000
-2.000,-28.000,0.035500,0.024950,0.027950,0.014850,0.014750,0.075800,0.079600
-2.000,-26.000,0.042650,0.026550,0.027400,0.016350,0.014400,0.073700,0.079900
-2.000,-24.000,0.046150,0.025400,0.029050,0.015700,0.015900,0.072050,0.078150
-2.000,-22.000,0.050750,0.028000,0.031400,0.016150,0.016500,0.066550,0.071600
-2.000,-20.000,0.052950,0.029300,0.030950,0.018750,0.016250,0.066450,0.071950
-2.000,-18.000,0.056800,0.029200,0.034750,0.018150,0.020150,0.062000,0.068000
-2.000,-16.000,0.065150,0.030700,0.036500,0.017100,0.016750,0.057700,0.063200
-2.000,-14.000,0.070650,0.032150,0.034800,0.017300,0.021150,0.055550,0.062850
-2.000,-12.000,0.074250,0.032750,0.038050,0.021750,0.021300,0.051350,0.051300
-2.000,-10.000,0.075500,0.038000,0.038500,0.023100,0.023600,0.047300,0.050100
-2.000,-8.000,0.078450,0.035900,0.037050,0.023150,0.026000,0.047200,0.049450
-2.000,-6.000,0.086200,0.033450,0.041700,0.023650,0.025450,0.042050,0.040450
-2.000,-4.000,0.083800,0.032800,0.040200,0.027300,0.029150,0.038000,0.040750
-2.000,-2.000,0.087450,0.033650,0.040400,0.028200,0.031550,0.033700,0.035800
-2.000,0.000,0.085450,0.034900,0.041450,0.031450,0.033500,0.033400,0.032550
-2.000,2.000,0.087450,0.033650,0.040400,0.033700,0.035800,0.028200,0.031550
-2.000,4.000,0.083800,0.032800,0.040200,0.038000,0.040750,0.027300,0.029150
-2.000,6.000,0.086200,0.033450,0.041700,0.042050,0.040450,0.023650,0.025450
-2.000,8.000,0.078450,0.035900,0.037050,0.047200,0.049450,0.023150,0.026000
-2.000,10.000,0.075500,0.038000,0.038500,0.047300,0.050100,0.023100,0.023600
-2.000,12.000,0.074250,0.032750,0.038050,0.051350,0.051300,0.021750,0.021300
-2.000,14.000,0.070650,0.032150,0.034800,0.055550,0.062850,0.017300,0.021150
-2.000,16.000,0.065150,0.030700,0.036500,0.057700,0.063200,0.017100,0.016750
-2.000,18.000,0.056800,0.029200,0.034750,0.062000,0.068000,0.018150,0.020150
-2.000,20.000,0.052950,0.029300,0.030950,0.066450,0.071950,0.018750,0.016250
-2.000,22.000,0.050750,0.028000,0.031400,0.066550,0.071600,0.016150,0.016500
-2.000,24.000,0.046150,0.025400,0.029050,0.072050,0.078150,0.015700,0.015900
-2.000,26.000,0.042650,0.026550,0.027400,0.073700,0.079900,0.016350,0.014400
-2.000,28.000,0.035500,0.024950,0.027950,0.075800,0.079600,0.014850,0.014750
-2.000,30.000,0.037250,0.027300,0.024900,0.075950,0.082000,0.015150,0.015150
-2.000,32.000,0.032900,0.023350,0.026350,0.074600,0.081150,0.013350,0.014050
-2.000,34.000,0.032450,0.023650,0.025050,0.072050,0.079550,0.014800,0.015950
-2.000,36.000,0.030700,0.021950,0.023150,0.075700,0.081250,0.014100,0.015300
-2.000,38.000,0.031050,0.024050,0.025900,0.067900,0.074950,0.015600,0.014650
0.000,-40.000,0.016600,0.014750,0.013100,0.009150,0.007300,0.046600,0.047450
0.000,-38.000,0.030900,0.023850,0.024550,0.014150,0.016650,0.073750,0.072600
0.000,-36.000,0.034700,0.023900,0.025350,0.014850,0.014700,0.075850,0.079300
0.000,-34.000,0.032050,0.022050,0.025800,0.016050,0.014000,0.080800,0.081150
0.000,-32.000,0.036100,0.024350,0.024100,0.013050,0.015600,0.078300,0.077850
0.000,-30.000,0.035700,0.024000,0.023300,0.016050,0.015700,0.082100,0.081750
0.000,-28.000,0.040750,0.027200,0.027550,0.014900,0.015400,0.078200,0.079950
0.000,-26.000,0.041200,0.028450,0.026450,0.016300,0.015800,0.078600,0.078900
0.000,-24.000,0.045100,0.028050,0.028750,0.018250,0.015300,0.074800,0.078800
0.000,-22.000,0.050600,0.028300,0.029250,0.017500,0.016350,0.071300,0.070050
0.000,-20.000,0.058400,0.028750,0.031200,0.018900,0.016300,0.068900,0.070050
0.000,-18.000,0.056300,0.033250,0.032650,0.018400,0.018600,0.067400,0.067850
0.000,-16.000,0.069700,0.031300,0.032150,0.019000,0.018650,0.059700,0.061250
0.000,-14.000,0.067350,0.034900,0.032550,0.020050,0.018850,0.058050,0.061500
0.000,-12.000,0.075700,0.036850,0.035400,0.020300,0.020000,0.052250,0.053300
0.000,-10.000,0.077150,0.037650,0.037000,0.023200,0.023300,0.051850,0.049850
0.000,-8.000,0.079250,0.036350,0.034200,0.023950,0.024200,0.049400,0.048300
0.000,-6.000,0.084750,0.037750,0.035100,0.024950,0.027400,0.041550,0.042100
0.000,-4.000,0.089800,0.036200,0.037850,0.026400,0.027850,0.039350,0.039200
0.000,-2.000,0.090100,0.037500,0.037000,0.031800,0.031750,0.037050,0.035650
0.000,0.000,0.092300,0.036650,0.037500,0.032200,0.033950,0.033400,0.033900
0.000,2.000,0.090100,0.037500,0.037000,0.037050,0.035650,0.031800,0.031750
0.000,4.000,0.089800,0.036200,0.037850,0.039350,0.039200,0.026400,0.027850
0.000,6.000,0.084750,0.037750,0.035100,0.041550,0.042100,0.024950,0.027400
0.000,8.000,0.079250,0.036350,0.034200,0.049400,0.048300,0.023950,0.024200
0.000,10.000,0.077150,0.037650,0.037000,0.051850,0.049850,0.023200,0.023300
0.000,12.000,0.075700,0.036850,0.035400,0.052250,0.053300,0.020300,0.020000
0.000,14.000,0.067350,0.034900,0.032550,0.058050,0.061500,0.020050,0.018850
0.000,16.000,0.069700,0.031300,0.032150,0.059700,0.061250,0.019000,0.018650
0.000,18.000,0.056300,0.033250,0.032650,0.067400,0.067850,0.018400,0.018600
0.000,20.000,0.058400,0.028750,0.031200,0.068900,0.070050,0.018900,0.016300
0.000,22.000,0.050600,0.028300,0.029250,0.071300,0.070050,0.017500,0.016350
0.000,24.000,0.045100,0.028050,0.028750,0.074800,0.078800,0.018250,0.015300
0.000,26.000,0.041200,0.028450,0.026450,0.078600,0.078900,0.016300,0.015800
0.000,28.000,0.040750,0.027200,0.027550,0.078200,0.079950,0.014900,0.015400
0.000,30.000,0.035700,0.024000,0.023300,0.082100,0.081750,0.016050,0.015700
0.000,32.000,0.036100,0.024350,0.024100,0.078300,0.077850,0.013050,0.015600
0.000,34.000,0.032050,0.022050,0.025800,0.080800,0.081150,0.016050,0.014000
0.000,36.000,0.034700,0.023900,0.025350,0.075850,0.079300,0.014850,0.014700
0.000,38.000,0.030900,0.023850,0.024550,0.073750,0.072600,0.014150,0.016650
0.000,40.000,0.016600,0.014750,0.013100,0.046600,0.047450,0.009150,0.007300
2.000,-38.000,0.031050,0.025900,0.024050,0.014650,0.015600,0.074950,0.067900
2.000,-36.000,0.030700,0.023150,0.021950,0.015300,0.014100,0.081250,0.075700
2.000,-34.000,0.032450,0.025050,0.023650,0.015950,0.014800,0.079550,0.072050
2.000,-32.000,0.032900,0.026350,0.023350,0.014050,0.013350,0.081150,0.074600
2.000,-30.000,0.037250,0.024900,0.027300,0.015150,0.015150,0.082000,0.075950
2.000,-28.000,0.035500,0.027950,0.024950,0.014750,0.014850,0.079600,0.075800
2.000,-26.000,0.042650,0.027400,0.026550,0.014400,0.016350,0.079900,0.073700
2.000,-24.000,0.046150,0.029050,0.025400,0.015900,0.015700,0.078150,0.072050
2.000,-22.000,0.050750,0.031400,0.028000,0.016500,0.016150,0.071600,0.066550
2.000,-20.000,0.052950,0.030950,0.029300,0.016250,0.018750,0.071950,0.066450
2.000,-18.000,0.056800,0.034750,0.029200,0.020150,0.018150,0.068000,0.062000
2.000,-16.000,0.065150,0.036500,0.030700,0.016750,0.017100,0.063200,0.057700
2.000,-14.000,0.070650,0.034800,0.032150,0.021150,0.017300,0.062850,0.055550
2.000,-12.000,0.074250,0.038050,0.032750,0.021300,0.021750,0.051300,0.051350
2.000,-10.000,0.075500,0.038500,0.038000,0.023600,0.023100,0.050100,0.047300
2.000,-8.000,0.078450,0.037050,0.035900,0.026000,0.023150,0.049450,0.047200
2.000,-6.000,0.086200,0.041700,0.033450,0.025450,0.023650,0.040450,0.042050
2.000,-4.000,0.083800,0.040200,0.032800,0.029150,0.027300,0.040750,0.038000
2.000,-2.000,0.087450,0.040400,0.033650,0.031550,0.028200,0.035800,0.033700
2.000,0.000,0.085450,0.041450,0.034900,0.033500,0.031450,0.032550,0.033400
2.000,2.000,0.087450,0.040400,0.033650,0.035800,0.033700,0.031550,0.028200
2.000,4.000,0.083800,0.040200,0.032800,0.040750,0.038000,0.029150,0.027300
2.000,6.000,0.086200,0.041700,0.033450,0.040450,0.042050,0.025450,0.023650
2.000,8.000,0.078450,0.037050,0.035900,0.049450,0.047200,0.026000,0.023150
2.000,10.000,0.075500,0.038500,0.038000,0.050100,0.047300,0.023600,0.023100
2.000,12.000,0.074250,0.038050,0.032750,0.051300,0.051350,0.021300,0.021750
2.000,14.000,0.070650,0.034800,0.032150,0.062850,0.055550,0.021150,0.017300
2.000,16.000,0.065150,0.036500,0.030700,0.063200,0.057700,0.016750,0.017100
2.000,18.000,0.056800,0.034750,0.029200,0.068000,0.062000,0.020150,0.018150
2.000,20.000,0.052950,0.030950,0.029300,0.071950,0.066450,0.016250,0.018750
2.000,22.000,0.050750,0.031400,0.028000,0.071600,0.066550,0.016500,0.016150
2.000,24.000,0.046150,0.029050,0.025400,0.078150,0.072050,0.015900,0.015700
2.000,26.000,0.042650,0.027400,0.026550,0.079900,0.073700,0.014400,0.016350
2.000,28.000,0.035500,0.027950,0.024950,0.079600,0.075800,0.014750,0.014850
2.000,30.000,0.037250,0.024900,0.027300,0.082000,0.075950,0.015150,0.015150
2.000,32.000,0.032900,0.026350,0.023350,0.081150,0.074600,0.014050,0.013350
2.000,34.000,0.032450,0.025050,0.023650,0.079550,0.072050,0.015950,0.014800
2.000,36.000,0.030700,0.023150,0.021950,0.081250,0.075700,0.015300,0.014100
2.000,38.000,0.031050,0.025900,0.024050,0.074950,0.067900,0.014650,0.015600
4.000,-38.000,0.033150,0.024700,0.020850,0.015200,0.015700,0.079300,0.061000
4.000,-36.000,0.031800,0.026950,0.022050,0.016150,0.013100,0.085150,0.067700
4.000,-34.000,0.030850,0.025850,0.022800,0.015950,0.014800,0.087600,0.068550
4.000,-32.000,0.033800,0.029500,0.023050,0.015050,0.014450,0.091900,0.067000
4.000,-30.000,0.037200,0.030300,0.023100,0.014600,0.013850,0.093600,0.070650
4.000,-28.000,0.038700,0.030300,0.024300,0.016500,0.014850,0.090950,0.065500
4.000,-26.000,0.043200,0.030250,0.024050,0.016600,0.014350,0.091350,0.068250
4.000,-24.000,0.046950,0.031500,0.023350,0.016200,0.015800,0.086000,0.066500
4.000,-22.000,0.049950,0.035100,0.027300,0.017950,0.016550,0.081000,0.057850
4.000,-20.000,0.054400,0.035200,0.025200,0.019350,0.017000,0.079650,0.062750
4.000,-18.000,0.057000,0.035850,0.027850,0.017400,0.016950,0.082850,0.055650
4.000,-16.000,0.067200,0.038300,0.028500,0.019050,0.019200,0.068250,0.051050
4.000,-14.000,0.064100,0.041400,0.028300,0.022300,0.019200,0.067250,0.050500
4.000,-12.000,0.072550,0.039000,0.028450,0.022500,0.021200,0.059800,0.044500
4.000,-10.000,0.074000,0.042600,0.027700,0.024800,0.019500,0.058450,0.045700
4.000,-8.000,0.080850,0.042850,0.028250,0.026200,0.022400,0.055250,0.039650
4.000,-6.000,0.082000,0.044950,0.031150,0.028950,0.024150,0.044800,0.037200
4.000,-4.000,0.083400,0.045200,0.029300,0.031300,0.025000,0.043800,0.036000
4.000,-2.000,0.084350,0.046150,0.032100,0.032600,0.028100,0.037200,0.031000
4.000,0.000,0.085700,0.048850,0.032200,0.036900,0.032950,0.034200,0.028550
4.000,2.000,0.084350,0.046150,0.032100,0.037200,0.031000,0.032600,0.028100
4.000,4.000,0.083400,0.045200,0.029300,0.043800,0.036000,0.031300,0.025000
4.000,6.000,0.082000,0.044950,0.031150,0.044800,0.037200,0.028950,0.024150
4.000,8.000,0.080850,0.042850,0.028250,0.055250,0.039650,0.026200,0.022400
4.000,10.000,0.074000,0.042600,0.027700,0.058450,0.045700,0.024800,0.019500
4.000,12.000,0.072550,0.039000,0.028450,0.059800,0.044500,0.022500,0.021200
4.000,14.000,0.064100,0.041400,0.028300,0.067250,0.050500,0.022300,0.019200
4.000,16.000,0.067200,0.038300,0.028500,0.068250,0.051050,0.019050,0.019200
4.000,18.000,0.057000,0.035850,0.027850,0.082850,0.055650,0.017400,0.016950
4.000,20.000,0.054400,0.035200,0.025200,0.079650,0.062750,0.019350,0.017000
4.000,22.000,0.049950,0.035100,0.027300,0.081000,0.057850,0.017950,0.016550
4.000,24.000,0.046950,0.031500,0.023350,0.086000,0.066500,0.016200,0.015800
4.000,26.000,0.043200,0.030250,0.024050,0.091350,0.068250,0.016600,0.014350
4.000,28.000,0.038700,0.030300,0.024300,0.090950,0.065500,0.016500,0.014850
4.000,30.000,0.037200,0.030300,0.023100,0.093600,0.070650,0.014600,0.013850
4.000,32.000,0.033800,0.029500,0.023050,0.091900,0.067000,0.015050,0.014450
4.000,34.000,0.030850,0.025850,0.022800,0.087600,0.068550,0.015950,0.014800
4.000,36.000,0.031800,0.026950,0.022050,0.085150,0.067700,0.016150,0.013100
4.000,38.000,0.033150,0.024700,0.020850,0.079300,0.061000,0.015200,0.015700
6.000,-38.000,0.030600,0.027750,0.021900,0.015800,0.014750,0.083550,0.059600
6.000,-36.000,0.033500,0.026750,0.021200,0.017000,0.015000,0.090450,0.066300
6.000,-34.000,0.034300,0.026750,0.019000,0.017100,0.014650,0.090900,0.063200
6.000,-32.000,0.034900,0.027500,0.022900,0.014800,0.014400,0.098250,0.062800
6.000,-30.000,0.037750,0.027750,0.021650,0.015800,0.014400,0.096400,0.064000
6.000,-28.000,0.040150,0.030900,0.021900,0.015100,0.015450,0.093550,0.063300
6.000,-26.000,0.041550,0.031450,0.022600,0.016750,0.016250,0.093400,0.060400
6.000,-24.000,0.046200,0.034550,0.023150,0.017050,0.016100,0.092600,0.060250
6.000,-22.000,0.048350,0.034850,0.024350,0.016650,0.016700,0.082850,0.056150
6.000,-20.000,0.054800,0.036600,0.026700,0.016850,0.016800,0.082500,0.056150
6.000,-18.000,0.058050,0.036850,0.024600,0.020650,0.015600,0.079200,0.056200
6.000,-16.000,0.064950,0.041650,0.025700,0.019700,0.017850,0.073300,0.051700
6.000,-14.000,0.065500,0.043700,0.025300,0.021350,0.020250,0.068400,0.050450
6.000,-12.000,0.073600,0.042050,0.026850,0.021900,0.020550,0.061250,0.041850
6.000,-10.000,0.076450,0.047700,0.028100,0.024350,0.021250,0.061350,0.042800
6.000,-8.000,0.077350,0.045900,0.026350,0.024400,0.021000,0.052650,0.042050
6.000,-6.000,0.079450,0.052000,0.028000,0.027000,0.024400,0.048550,0.034750
6.000,-4.000,0.086200,0.047600,0.030950,0.028900,0.027400,0.041900,0.033850
6.000,-2.000,0.085350,0.050650,0.028950,0.037000,0.026650,0.040250,0.033150
6.000,0.000,0.089100,0.052500,0.029500,0.035850,0.028050,0.036950,0.028800
6.000,2.000,0.085350,0.050650,0.028950,0.040250,0.033150,0.037000,0.026650
6.000,4.000,0.086200,0.047600,0.030950,0.041900,0.033850,0.028900,0.027400
6.000,6.000,0.079450,0.052000,0.028000,0.048550,0.034750,0.027000,0.024400
6.000,8.000,0.077350,0.045900,0.026350,0.052650,0.042050,0.024400,0.021000
6.000,10.000,0.076450,0.047700,0.028100,0.061350,0.042800,0.024350,0.021250
6.000,12.000,0.073600,0.042050,0.026850,0.061250,0.041850,0.021900,0.020550
6.000,14.000,0.065500,0.043700,0.025300,0.068400,0.050450,0.021350,0.020250
6.000,16.000,0.064950,0.041650,0.025700,0.073300,0.051700,0.019700,0.017850
6.000,18.000,0.058050,0.036850,0.024600,0.079200,0.056200,0.020650,0.015600
6.000,20.000,0.054800,0.036600,0.026700,0.082500,0.056150,0.016850,0.016800
6.000,22.000,0.048350,0.034850,0.024350,0.082850,0.056150,0.016650,0.016700
6.000,24.000,0.046200,0.034550,0.023150,0.092600,0.060250,0.017050,0.016100
6.000,26.000,0.041550,0.031450,0.022600,0.093400,0.060400,0.016750,0.016250
6.000,28.000,0.040150,0.030900,0.021900,0.093550,0.063300,0.015100,0.015450
6.000,30.000,0.037750,0.027750,0.021650,0.096400,0.064000,0.015800,0.014400
6.000,32.000,0.034900,0.027500,0.022900,0.098250,0.062800,0.014800,0.014400
6.000,34.000,0.034300,0.026750,0.019000,0.090900,0.063200,0.017100,0.014650
6.000,36.000,0.033500,0.026750,0.021200,0.090450,0.066300,0.017000,0.015000
6.000,38.000,0.030600,0.027750,0.021900,0.083550,0.059600,0.015800,0.014750
8.000,-38.000,0.032400,0.028400,0.021650,0.016850,0.015200,0.086550,0.054400
8.000,-36.000,0.032000,0.029350,0.020250,0.015150,0.015150,0.093250,0.058200
8.000,-34.000,0.033750,0.030000,0.020700,0.015550,0.014900,0.095650,0.054950
8.000,-32.000,0.034700,0.030600,0.021100,0.014550,0.013700,0.100050,0.055300
8.000,-30.000,0.034850,0.030800,0.021800,0.014650,0.013800,0.102950,0.056950
8.000,-28.000,0.035550,0.033550,0.021400,0.015400,0.014500,0.096000,0.054550
8.000,-26.000,0.039450,0.034250,0.021850,0.016700,0.015850,0.094800,0.051200
8.000,-24.000,0.041950,0.034550,0.021450,0.016300,0.017800,0.093400,0.054650
8.000,-22.000,0.045600,0.039800,0.023300,0.017600,0.015550,0.088100,0.053600
8.000,-20.000,0.052800,0.044900,0.024150,0.020600,0.017350,0.085250,0.049400
8.000,-18.000,0.051800,0.039300,0.023300,0.019450,0.016650,0.085150,0.048700
8.000,-16.000,0.057750,0.048500,0.022450,0.019350,0.016800,0.082150,0.045200
8.000,-14.000,0.059450,0.049300,0.023950,0.020500,0.019000,0.067900,0.044350
8.000,-12.000,0.070550,0.050350,0.025200,0.022900,0.019200,0.061800,0.041850
8.000,-10.000,0.067000,0.051250,0.024000,0.025150,0.022250,0.061650,0.038700
8.000,-8.000,0.069850,0.051500,0.025300,0.026150,0.021300,0.057050,0.034150
8.000,-6.000,0.077150,0.057950,0.026900,0.029300,0.022300,0.053500,0.031700
8.000,-4.000,0.076300,0.057350,0.025300,0.032050,0.022600,0.044850,0.031500
8.000,-2.000,0.077150,0.058550,0.025700,0.034650,0.024600,0.042300,0.030200
8.000,0.000,0.077350,0.056300,0.028750,0.037300,0.028650,0.037250,0.026100
8.000,2.000,0.077150,0.058550,0.025700,0.042300,0.030200,0.034650,0.024600
8.000,4.000,0.076300,0.057350,0.025300,0.044850,0.031500,0.032050,0.022600
8.000,6.000,0.077150,0.057950,0.026900,0.053500,0.031700,0.029300,0.022300
8.000,8.000,0.069850,0.051500,0.025300,0.057050,0.034150,0.026150,0.021300
8.000,10.000,0.067000,0.051250,0.024000,0.061650,0.038700,0.025150,0.022250
8.000,12.000,0.070550,0.050350,0.025200,0.061800,0.041850,0.022900,0.019200
8.000,14.000,0.059450,0.049300,0.023950,0.067900,0.044350,0.020500,0.019000
8.000,16.000,0.057750,0.048500,0.022450,0.082150,0.045200,0.019350,0.016800
8.000,18.000,0.051800,0.039300,0.023300,0.085150,0.048700,0.019450,0.016650
8.000,20.000,0.052800,0.044900,0.024150,0.085250,0.049400,0.020600,0.017350
8.000,22.000,0.045600,0.039800,0.023300,0.088100,0.053600,0.017600,0.015550
8.000,24.000,0.041950,0.034550,0.021450,0.093400,0.054650,0.016300,0.017800
8.000,26.000,0.039450,0.034250,0.021850,0.094800,0.051200,0.016700,0.015850
8.000,28.000,0.035550,0.033550,0.021400,0.096000,0.054550,0.015400,0.014500
8.000,30.000,0.034850,0.030800,0.021800,0.102950,0.056950,0.014650,0.013800
8.000,32.000,0.034700,0.030600,0.021100,0.100050,0.055300,0.014550,0.013700
8.000,34.000,0.033750,0.030000,0.020700,0.095650,0.054950,0.015550,0.014900
8.000,36.000,0.032000,0.029350,0.020250,0.093250,0.058200,0.015150,0.015150
8.000,38.000,0.032400,0.028400,0.021650,0.086550,0.054400,0.016850,0.015200
10.000,-38.000,0.033200,0.029500,0.020800,0.015400,0.018300,0.084100,0.052050
10.000,-36.000,0.033500,0.029600,0.019400,0.015300,0.015600,0.093400,0.054500
10.000,-34.000,0.032050,0.029650,0.021550,0.016500,0.014750,0.100550,0.052150
10.000,-32.000,0.033800,0.030200,0.019350,0.014350,0.015350,0.104900,0.050750
10.000,-30.000,0.035700,0.033450,0.020150,0.015850,0.016150,0.104700,0.051500
10.000,-28.000,0.037300,0.036100,0.020100,0.015650,0.014250,0.101550,0.048850
10.000,-26.000,0.041150,0.035800,0.018850,0.015350,0.014000,0.099900,0.050650
10.000,-24.000,0.042250,0.038850,0.021450,0.017850,0.014050,0.105400,0.047400
10.000,-22.000,0.047300,0.043000,0.022450,0.018350,0.014950,0.088500,0.045650
10.000,-20.000,0.049450,0.046400,0.022350,0.018250,0.016900,0.086750,0.044250
10.000,-18.000,0.051800,0.049550,0.022800,0.018700,0.016400,0.084800,0.044100
10.000,-16.000,0.058800,0.051200,0.023500,0.020750,0.016700,0.081200,0.040200
10.000,-14.000,0.060450,0.049600,0.023800,0.021550,0.017600,0.072500,0.039650
10.000,-12.000,0.066850,0.054200,0.024350,0.023100,0.018700,0.065050,0.037800
10.000,-10.000,0.071000,0.058050,0.024150,0.023850,0.020400,0.064000,0.036150
10.000,-8.000,0.071050,0.057100,0.025100,0.025850,0.018900,0.057800,0.034050
10.000,-6.000,0.073250,0.059500,0.024900,0.028900,0.022250,0.050200,0.030850
10.000,-4.000,0.073550,0.060600,0.024850,0.031650,0.021550,0.049300,0.029450
10.000,-2.000,0.077550,0.063650,0.025000,0.036450,0.024250,0.041850,0.027650
10.000,0.000,0.079000,0.061850,0.025100,0.039650,0.026200,0.039800,0.025150
10.000,2.000,0.077550,0.063650,0.025000,0.041850,0.027650,0.036450,0.024250
10.000,4.000,0.073550,0.060600,0.024850,0.049300,0.029450,0.031650,0.021550
10.000,6.000,0.073250,0.059500,0.024900,0.050200,0.030850,0.028900,0.022250
10.000,8.000,0.071050,0.057100,0.025100,0.057800,0.034050,0.025850,0.018900
10.000,10.000,0.071000,0.058050,0.024150,0.064000,0.036150,0.023850,0.020400
10.000,12.000,0.066850,0.054200,0.024350,0.065050,0.037800,0.023100,0.018700
10.000,14.000,0.060450,0.049600,0.023800,0.072500,0.039650,0.021550,0.017600
10.000,16.000,0.058800,0.051200,0.023500,0.081200,0.040200,0.020750,0.016700
10.000,18.000,0.051800,0.049550,0.022800,0.084800,0.044100,0.018700,0.016400
10.000,20.000,0.049450,0.046400,0.022350,0.086750,0.044250,0.018250,0.016900
10.000,22.000,0.047300,0.043000,0.022450,0.088500,0.045650,0.018350,0.014950
10.000,24.000,0.042250,0.038850,0.021450,0.105400,0.047400,0.017850,0.014050
10.000,26.000,0.041150,0.035800,0.018850,0.099900,0.050650,0.015350,0.014000
10.000,28.000,0.037300,0.036100,0.020100,0.101550,0.048850,0.015650,0.014250
10.000,30.000,0.035700,0.033450,0.020150,0.104700,0.051500,0.015850,0.016150
10.000,32.000,0.033800,0.030200,0.019350,0.104900,0.050750,0.014350,0.015350
10.000,34.000,0.032050,0.029650,0.021550,0.100550,0.052150,0.016500,0.014750
10.000,36.000,0.033500,0.029600,0.019400,0.093400,0.054500,0.015300,0.015600
10.000,38.000,0.033200,0.029500,0.020800,0.084100,0.052050,0.015400,0.018300
12.000,-38.000,0.035200,0.031300,0.020500,0.016000,0.014700,0.083300,0.048500
12.000,-36.000,0.032000,0.028150,0.021050,0.017450,0.015450,0.094450,0.050250
12.000,-34.000,0.034100,0.031400,0.019850,0.015750,0.014200,0.096900,0.050250
12.000,-32.000,0.033650,0.034350,0.019100,0.015800,0.014250,0.095600,0.045150
12.000,-30.000,0.034550,0.034000,0.020500,0.015800,0.013350,0.104100,0.050500
12.000,-28.000,0.036700,0.034550,0.020000,0.016350,0.013900,0.102000,0.048950
12.000,-26.000,0.040200,0.038500,0.019550,0.016450,0.015600,0.104550,0.046050
12.000,-24.000,0.042000,0.040400,0.019800,0.016400,0.015600,0.100850,0.043550
12.000,-22.000,0.043500,0.044300,0.020250,0.019000,0.015800,0.090700,0.042700
12.000,-20.000,0.048950,0.045600,0.020350,0.019200,0.015050,0.089400,0.043650
12.000,-18.000,0.049700,0.048350,0.023600,0.021050,0.016350,0.083900,0.039150
12.000,-16.000,0.054250,0.052100,0.020050,0.019750,0.018800,0.078400,0.040550
12.000,-14.000,0.059200,0.054850,0.022100,0.021000,0.017750,0.076250,0.037250
12.000,-12.000,0.062550,0.056900,0.022050,0.023200,0.017950,0.063950,0.035550
12.000,-10.000,0.066650,0.058800,0.022850,0.022950,0.019050,0.064150,0.035350
12.000,-8.000,0.065350,0.057450,0.020750,0.027200,0.018550,0.058150,0.034000
12.000,-6.000,0.071700,0.064500,0.021150,0.028700,0.021100,0.051100,0.029350
12.000,-4.000,0.073150,0.066300,0.024700,0.032100,0.022150,0.043250,0.030350
12.000,-2.000,0.073700,0.065000,0.022700,0.036100,0.024950,0.040150,0.025150
12.000,0.000,0.076750,0.064400,0.022050,0.035300,0.023600,0.036550,0.026750
12.000,2.000,0.073700,0.065000,0.022700,0.040150,0.025150,0.036100,0.024950
12.000,4.000,0.073150,0.066300,0.024700,0.043250,0.030350,0.032100,0.022150
12.000,6.000,0.071700,0.064500,0.021150,0.051100,0.029350,0.028700,0.021100
12.000,8.000,0.065350,0.057450,0.020750,0.058150,0.034000,0.027200,0.018550
12.000,10.000,0.066650,0.058800,0.022850,0.064150,0.035350,0.022950,0.019050
12.000,12.000,0.062550,0.056900,0.022050,0.063950,0.035550,0.023200,0.017950
12.000,14.000,0.059200,0.054850,0.022100,0.076250,0.037250,0.021000,0.017750
12.000,16.000,0.054250,0.052100,0.020050,0.078400,0.040550,0.019750,0.018800
12.000,18.000,0.049700,0.048350,0.023600,0.083900,0.039150,0.021050,0.016350
12.000,20.000,0.048950,0.045600,0.020350,0.089400,0.043650,0.019200,0.015050
12.000,22.000,0.043500,0.044300,0.020250,0.090700,0.042700,0.019000,0.015800
12.000,24.000,0.042000,0.040400,0.019800,0.100850,0.043550,0.016400,0.015600
12.000,26.000,0.040200,0.038500,0.019550,0.104550,0.046050,0.016450,0.015600
12.000,28.000,0.036700,0.034550,0.020000,0.102000,0.048950,0.016350,0.013900
12.000,30.000,0.034550,0.034000,0.020500,0.104100,0.050500,0.015800,0.013350
12.000,32.000,0.033650,0.034350,0.019100,0.095600,0.045150,0.015800,0.014250
12.000,34.000,0.034100,0.031400,0.019850,0.096900,0.050250,0.015750,0.014200
12.000,36.000,0.032000,0.028150,0.021050,0.094450,0.050250,0.017450,0.015450
12.000,38.000,0.035200,0.031300,0.020500,0.083300,0.048500,0.016000,0.014700
14.000,-36.000,0.033550,0.031950,0.019050,0.016000,0.014350,0.095500,0.043200
14.000,-34.000,0.032800,0.034400,0.019450,0.016400,0.015150,0.097500,0.044350
14.000,-32.000,0.031300,0.034550,0.020000,0.015050,0.014650,0.101250,0.042950
14.000,-30.000,0.034450,0.034050,0.021100,0.018200,0.012950,0.104300,0.044050
14.000,-28.000,0.038300,0.041250,0.018550,0.017300,0.012200,0.106550,0.041850
14.000,-26.000,0.041450,0.039050,0.019300,0.016100,0.014200,0.104850,0.040400
14.000,-24.000,0.039550,0.043000,0.019050,0.016200,0.016650,0.102250,0.039250
14.000,-22.000,0.045100,0.050350,0.022250,0.016950,0.014000,0.096050,0.039250
14.000,-20.000,0.046350,0.051450,0.020800,0.019250,0.016100,0.090800,0.039750
14.000,-18.000,0.047950,0.050600,0.021650,0.017950,0.016300,0.087600,0.036700
14.000,-16.000,0.050900,0.059050,0.020950,0.021350,0.014000,0.080850,0.034700
14.000,-14.000,0.054150,0.060000,0.019750,0.019650,0.015800,0.078000,0.031900
14.000,-12.000,0.057900,0.068350,0.021550,0.024950,0.016900,0.066700,0.034700
14.000,-10.000,0.060800,0.070200,0.021800,0.024550,0.018100,0.066200,0.031650
14.000,-8.000,0.059300,0.066600,0.020350,0.027800,0.018700,0.059950,0.031400
14.000,-6.000,0.063950,0.073700,0.021700,0.031500,0.022050,0.054900,0.027300
14.000,-4.000,0.067250,0.073550,0.023200,0.031350,0.022200,0.049700,0.027200
14.000,-2.000,0.066850,0.074650,0.022650,0.035350,0.023050,0.042500,0.024250
14.000,0.000,0.068950,0.078550,0.022450,0.039200,0.023400,0.036950,0.022950
14.000,2.000,0.066850,0.074650,0.022650,0.042500,0.024250,0.035350,0.023050
14.000,4.000,0.067250,0.073550,0.023200,0.049700,0.027200,0.031350,0.022200
14.000,6.000,0.063950,0.073700,0.021700,0.054900,0.027300,0.031500,0.022050
14.000,8.000,0.059300,0.066600,0.020350,0.059950,0.031400,0.027800,0.018700
14.000,10.000,0.060800,0.070200,0.021800,0.066200,0.031650,0.024550,0.018100
14.000,12.000,0.057900,0.068350,0.021550,0.066700,0.034700,0.024950,0.016900
14.000,14.000,0.054150,0.060000,0.019750,0.078000,0.031900,0.019650,0.015800
14.000,16.000,0.050900,0.059050,0.020950,0.080850,0.034700,0.021350,0.014000
14.000,18.000,0.047950,0.050600,0.021650,0.087600,0.036700,0.017950,0.016300
14.000,20.000,0.046350,0.051450,0.020800,0.090800,0.039750,0.019250,0.016100
14.000,22.000,0.045100,0.050350,0.022250,0.096050,0.039250,0.016950,0.014000
14.000,24.000,0.039550,0.043000,0.019050,0.102250,0.039250,0.016200,0.016650
14.000,26.000,0.041450,0.039050,0.019300,0.104850,0.040400,0.016100,0.014200
14.000,28.000,0.038300,0.041250,0.018550,0.106550,0.041850,0.017300,0.012200
14.000,30.000,0.034450,0.034050,0.021100,0.104300,0.044050,0.018200,0.012950
14.000,32.000,0.031300,0.034550,0.020000,0.101250,0.042950,0.015050,0.014650
14.000,34.000,0.032800,0.034400,0.019450,0.097500,0.044350,0.016400,0.015150
14.000,36.000,0.033550,0.031950,0.019050,0.095500,0.043200,0.016000,0.014350
16.000,-36.000,0.034550,0.035750,0.021050,0.016650,0.014050,0.097700,0.042250
16.000,-34.000,0.030950,0.036100,0.019400,0.016850,0.015800,0.096550,0.040300
16.000,-32.000,0.033000,0.035300,0.017950,0.016300,0.012900,0.101000,0.041650
16.000,-30.000,0.034550,0.038800,0.019150,0.014500,0.014100,0.110500,0.039250
16.000,-28.000,0.036800,0.036550,0.018650,0.016800,0.012750,0.101600,0.037500
16.000,-26.000,0.036650,0.044000,0.018200,0.017050,0.014950,0.102650,0.039050
16.000,-24.000,0.040700,0.044850,0.018350,0.018000,0.012950,0.100150,0.037450
16.000,-22.000,0.042850,0.049050,0.017300,0.017050,0.014700,0.095200,0.037150
16.000,-20.000,0.042850,0.049750,0.018550,0.019400,0.014850,0.097450,0.035950
16.000,-18.000,0.045000,0.054250,0.020100,0.019850,0.015300,0.092200,0.035750
16.000,-16.000,0.051000,0.061300,0.019150,0.019900,0.016100,0.083650,0.034050
16.000,-14.000,0.050650,0.064350,0.020300,0.021700,0.015500,0.080150,0.031250
16.000,-12.000,0.053350,0.070650,0.020450,0.023550,0.018350,0.064200,0.029600
16.000,-10.000,0.055850,0.072400,0.018250,0.025100,0.015150,0.066000,0.027600
16.000,-8.000,0.058650,0.070950,0.020750,0.027250,0.019100,0.058700,0.028250
16.000,-6.000,0.062950,0.075550,0.021450,0.031650,0.019650,0.051450,0.023250
16.000,-4.000,0.065700,0.075900,0.019750,0.033600,0.022600,0.045500,0.025200
16.000,-2.000,0.063800,0.077650,0.020950,0.036200,0.022400,0.042450,0.022750
16.000,0.000,0.067050,0.076650,0.018900,0.038800,0.023450,0.039350,0.024500
16.000,2.000,0.063800,0.077650,0.020950,0.042450,0.022750,0.036200,0.022400
16.000,4.000,0.065700,0.075900,0.019750,0.045500,0.025200,0.033600,0.022600
16.000,6.000,0.062950,0.075550,0.021450,0.051450,0.023250,0.031650,0.019650
16.000,8.000,0.058650,0.070950,0.020750,0.058700,0.028250,0.027250,0.019100
16.000,10.000,0.055850,0.072400,0.018250,0.066000,0.027600,0.025100,0.015150
16.000,12.000,0.053350,0.070650,0.020450,0.064200,0.029600,0.023550,0.018350
16.000,14.000,0.050650,0.064350,0.020300,0.080150,0.031250,0.021700,0.015500
16.000,16.000,0.051000,0.061300,0.019150,0.083650,0.034050,0.019900,0.016100
16.000,18.000,0.045000,0.054250,0.020100,0.092200,0.035750,0.019850,0.015300
16.000,20.000,0.042850,0.049750,0.018550,0.097450,0.035950,0.019400,0.014850
16.000,22.000,0.042850,0.049050,0.017300,0.095200,0.037150,0.017050,0.014700
16.000,24.000,0.040700,0.044850,0.018350,0.100150,0.037450,0.018000,0.012950
16.000,26.000,0.036650,0.044000,0.018200,0.102650,0.039050,0.017050,0.014950
16.000,28.000,0.036800,0.036550,0.018650,0.101600,0.037500,0.016800,0.012750
16.000,30.000,0.034550,0.038800,0.019150,0.110500,0.039250,0.014500,0.014100
16.000,32.000,0.033000,0.035300,0.017950,0.101000,0.041650,0.016300,0.012900
16.000,34.000,0.030950,0.036100,0.019400,0.096550,0.040300,0.016850,0.015800
16.000,36.000,0.034550,0.035750,0.021050,0.097700,0.042250,0.016650,0.014050
18.000,-34.000,0.032500,0.036200,0.016450,0.015050,0.014500,0.091000,0.040650
18.000,-32.000,0.031900,0.036750,0.018200,0.014100,0.015400,0.095200,0.038650
18.000,-30.000,0.034050,0.042000,0.017900,0.016500,0.013200,0.101250,0.037650
18.000,-28.000,0.034200,0.040750,0.017350,0.018000,0.015800,0.097350,0.037600
18.000,-26.000,0.035350,0.043550,0.018850,0.017500,0.014050,0.098050,0.034050
18.000,-24.000,0.036050,0.052250,0.017700,0.017950,0.013350,0.096800,0.033200
18.000,-22.000,0.039250,0.052950,0.017500,0.017200,0.014200,0.088750,0.032000
18.000,-20.000,0.041650,0.058100,0.018900,0.018200,0.015350,0.085850,0.033750
18.000,-18.000,0.039450,0.060100,0.018300,0.020800,0.014600,0.086350,0.032050
18.000,-16.000,0.048600,0.068800,0.018850,0.020650,0.016500,0.081100,0.029700
18.000,-14.000,0.048700,0.068150,0.016650,0.022450,0.016250,0.075000,0.029700
18.000,-12.000,0.051400,0.074650,0.019300,0.022150,0.016600,0.065350,0.026550
18.000,-10.000,0.050700,0.077200,0.018600,0.028050,0.017650,0.060550,0.030350
18.000,-8.000,0.052400,0.082350,0.019500,0.028650,0.017700,0.058250,0.026900
18.000,-6.000,0.058800,0.083450,0.019850,0.028400,0.019650,0.047600,0.023150
18.000,-4.000,0.059400,0.083250,0.020350,0.030600,0.020100,0.045550,0.025400
18.000,-2.000,0.057200,0.086100,0.019200,0.035100,0.019100,0.040600,0.022100
18.000,0.000,0.057850,0.090150,0.018550,0.034300,0.021900,0.037250,0.021150
18.000,2.000,0.057200,0.086100,0.019200,0.040600,0.022100,0.035100,0.019100
18.000,4.000,0.059400,0.083250,0.020350,0.045550,0.025400,0.030600,0.020100
18.000,6.000,0.058800,0.083450,0.019850,0.047600,0.023150,0.028400,0.019650
18.000,8.000,0.052400,0.082350,0.019500,0.058250,0.026900,0.028650,0.017700
18.000,10.000,0.050700,0.077200,0.018600,0.060550,0.030350,0.028050,0.017650
18.000,12.000,0.051400,0.074650,0.019300,0.065350,0.026550,0.022150,0.016600
18.000,14.000,0.048700,0.068150,0.016650,0.075000,0.029700,0.022450,0.016250
18.000,16.000,0.048600,0.068800,0.018850,0.081100,0.029700,0.020650,0.016500
18.000,18.000,0.039450,0.060100,0.018300,0.086350,0.032050,0.020800,0.014600
18.000,20.000,0.041650,0.058100,0.018900,0.085850,0.033750,0.018200,0.015350
18.000,22.000,0.039250,0.052950,0.017500,0.088750,0.032000,0.017200,0.014200
18.000,24.000,0.036050,0.052250,0.017700,0.096800,0.033200,0.017950,0.013350
18.000,26.000,0.035350,0.043550,0.018850,0.098050,0.034050,0.017500,0.014050
18.000,28.000,0.034200,0.040750,0.017350,0.097350,0.037600,0.018000,0.015800
18.000,30.000,0.034050,0.042000,0.017900,0.101250,0.037650,0.016500,0.013200
18.000,32.000,0.031900,0.036750,0.018200,0.095200,0.038650,0.014100,0.015400
18.000,34.000,0.032500,0.036200,0.016450,0.091000,0.040650,0.015050,0.014500
20.000,-34.000,0.034750,0.040650,0.017850,0.017900,0.015450,0.090650,0.037150
20.000,-32.000,0.032950,0.039950,0.018700,0.017250,0.016050,0.095950,0.034400
20.000,-30.000,0.035000,0.040250,0.019400,0.017050,0.015700,0.102700,0.032450
20.000,-28.000,0.035400,0.043350,0.017200,0.016250,0.013550,0.099800,0.034100
20.000,-26.000,0.036150,0.046200,0.017650,0.016850,0.014650,0.098900,0.031950
20.000,-24.000,0.034600,0.051650,0.018450,0.018850,0.014400,0.100550,0.032350
20.000,-22.000,0.037800,0.055600,0.016050,0.018950,0.016350,0.090150,0.030200
20.000,-20.000,0.041700,0.063250,0.017450,0.018100,0.015950,0.088350,0.028200
20.000,-18.000,0.044350,0.063850,0.018800,0.022150,0.013500,0.090700,0.027950
20.000,-16.000,0.042900,0.068150,0.017150,0.021750,0.014500,0.078300,0.029800
20.000,-14.000,0.050150,0.074400,0.018700,0.022400,0.016200,0.076850,0.027100
20.000,-12.000,0.046650,0.078900,0.018950,0.024800,0.015100,0.069050,0.025350
20.000,-10.000,0.051350,0.080650,0.019900,0.025850,0.016750,0.060550,0.026900
20.000,-8.000,0.049200,0.084600,0.019250,0.027100,0.017700,0.057950,0.022450
20.000,-6.000,0.054650,0.090250,0.018750,0.030500,0.018150,0.051800,0.025150
20.000,-4.000,0.054450,0.085500,0.018050,0.033000,0.021550,0.050900,0.020600
20.000,-2.000,0.054200,0.093850,0.018100,0.034350,0.020300,0.041900,0.021150
20.000,0.000,0.054000,0.094400,0.017900,0.036300,0.019750,0.037200,0.021850
20.000,2.000,0.054200,0.093850,0.018100,0.041900,0.021150,0.034350,0.020300
20.000,4.000,0.054450,0.085500,0.018050,0.050900,0.020600,0.033000,0.021550
20.000,6.000,0.054650,0.090250,0.018750,0.051800,0.025150,0.030500,0.018150
20.000,8.000,0.049200,0.084600,0.019250,0.057950,0.022450,0.027100,0.017700
20.000,10.000,0.051350,0.080650,0.019900,0.060550,0.026900,0.025850,0.016750
20.000,12.000,0.046650,0.078900,0.018950,0.069050,0.025350,0.024800,0.015100
20.000,14.000,0.050150,0.074400,0.018700,0.076850,0.027100,0.022400,0.016200
20.000,16.000,0.042900,0.068150,0.017150,0.078300,0.029800,0.021750,0.014500
20.000,18.000,0.044350,0.063850,0.018800,0.090700,0.027950,0.022150,0.013500
20.000,20.000,0.041700,0.063250,0.017450,0.088350,0.028200,0.018100,0.015950
20.000,22.000,0.037800,0.055600,0.016050,0.090150,0.030200,0.018950,0.016350
20.000,24.000,0.034600,0.051650,0.018450,0.100550,0.032350,0.018850,0.014400
20.000,26.000,0.036150,0.046200,0.017650,0.098900,0.031950,0.016850,0.014650
20.000,28.000,0.035400,0.043350,0.017200,0.099800,0.034100,0.016250,0.013550
20.000,30.000,0.035000,0.040250,0.019400,0.102700,0.032450,0.017050,0.015700
20.000,32.000,0.032950,0.039950,0.018700,0.095950,0.034400,0.017250,0.016050
20.000,34.000,0.034750,0.040650,0.017850,0.090650,0.037150,0.017900,0.015450
22.000,-32.000,0.033100,0.039950,0.017650,0.016100,0.015250,0.089950,0.034500
22.000,-30.000,0.034100,0.040350,0.017400,0.017750,0.013200,0.097400,0.033150
22.000,-28.000,0.035550,0.046300,0.019750,0.016000,0.014400,0.091500,0.031000
22.000,-26.000,0.034450,0.047300,0.019400,0.018050,0.015500,0.096350,0.029350
22.000,-24.000,0.037350,0.050300,0.018100,0.017350,0.015450,0.095550,0.030500
22.000,-22.000,0.038600,0.061300,0.017450,0.018750,0.013650,0.091950,0.027950
22.000,-20.000,0.039050,0.059450,0.017000,0.020350,0.015200,0.088000,0.029450
22.000,-18.000,0.040250,0.065900,0.016100,0.017300,0.014300,0.084200,0.028800
22.000,-16.000,0.044400,0.066350,0.017600,0.021500,0.015700,0.077200,0.027750
22.000,-14.000,0.042500,0.072700,0.018100,0.022600,0.016400,0.075750,0.027100
22.000,-12.000,0.046400,0.077100,0.018200,0.023900,0.016800,0.061300,0.024550
22.000,-10.000,0.045950,0.082900,0.018300,0.027850,0.015550,0.061300,0.025150
22.000,-8.000,0.045250,0.083550,0.018900,0.027600,0.017200,0.060000,0.022850
22.000,-6.000,0.050250,0.089600,0.019150,0.030100,0.018350,0.047550,0.022750
22.000,-4.000,0.050300,0.095750,0.017500,0.032700,0.019650,0.046750,0.020900
22.000,-2.000,0.049450,0.092950,0.018250,0.033900,0.019450,0.039800,0.020300
22.000,0.000,0.049100,0.093900,0.018850,0.037900,0.020800,0.039800,0.018500
22.000,2.000,0.049450,0.092950,0.018250,0.039800,0.020300,0.033900,0.019450
22.000,4.000,0.050300,0.095750,0.017500,0.046750,0.020900,0.032700,0.019650
22.000,6.000,0.050250,0.089600,0.019150,0.047550,0.022750,0.030100,0.018350
22.000,8.000,0.045250,0.083550,0.018900,0.060000,0.022850,0.027600,0.017200
22.000,10.000,0.045950,0.082900,0.018300,0.061300,0.025150,0.027850,0.015550
22.000,12.000,0.046400,0.077100,0.018200,0.061300,0.024550,0.023900,0.016800
22.000,14.000,0.042500,0.072700,0.018100,0.075750,0.027100,0.022600,0.016400
22.000,16.000,0.044400,0.066350,0.017600,0.077200,0.027750,0.021500,0.015700
22.000,18.000,0.040250,0.065900,0.016100,0.084200,0.028800,0.017300,0.014300
22.000,20.000,0.039050,0.059450,0.017000,0.088000,0.029450,0.020350,0.015200
22.000,22.000,0.038600,0.061300,0.017450,0.091950,0.027950,0.018750,0.013650
22.000,24.000,0.037350,0.050300,0.018100,0.095550,0.030500,0.017350,0.015450
22.000,26.000,0.034450,0.047300,0.019400,0.096350,0.029350,0.018050,0.015500
22.000,28.000,0.035550,0.046300,0.019750,0.091500,0.031000,0.016000,0.014400
22.000,30.000,0.034100,0.040350,0.017400,0.097400,0.033150,0.017750,0.013200
22.000,32.000,0.033100,0.039950,0.017650,0.089950,0.034500,0.016100,0.015250
24.000,-32.000,0.018100,0.027050,0.010450,0.009000,0.008000,0.060350,0.020200
24.000,-30.000,0.033000,0.046500,0.018500,0.020250,0.015400,0.088850,0.029200
24.000,-28.000,0.030950,0.048550,0.017150,0.018100,0.015050,0.090750,0.031600
24.000,-26.000,0.033650,0.050600,0.017100,0.016500,0.015300,0.090900,0.027900
24.000,-24.000,0.034550,0.056000,0.016450,0.016300,0.015700,0.091300,0.031800
24.000,-22.000,0.038500,0.063350,0.018050,0.018500,0.015050,0.086750,0.025650
24.000,-20.000,0.034700,0.064950,0.016400,0.019600,0.014550,0.082050,0.028350
24.000,-18.000,0.037800,0.067050,0.018050,0.020250,0.014500,0.080550,0.023400
24.000,-16.000,0.039450,0.077750,0.018200,0.021750,0.014550,0.070600,0.025100
24.000,-14.000,0.041000,0.079100,0.016000,0.021700,0.016900,0.066750,0.024500
24.000,-12.000,0.044050,0.088450,0.016900,0.022350,0.016100,0.064900,0.021850
24.000,-10.000,0.045100,0.090200,0.017850,0.023300,0.019050,0.060750,0.021550
24.000,-8.000,0.041700,0.093100,0.017850,0.027250,0.018200,0.049700,0.022250
24.000,-6.000,0.044500,0.094950,0.017850,0.029650,0.017900,0.051550,0.021600
24.000,-4.000,0.043850,0.103350,0.016450,0.030600,0.019650,0.047900,0.019300
24.000,-2.000,0.044700,0.102150,0.016100,0.034100,0.018000,0.040450,0.020100
24.000,0.000,0.044150,0.100000,0.017150,0.036500,0.020300,0.038850,0.018500
24.000,2.000,0.044700,0.102150,0.016100,0.040450,0.020100,0.034100,0.018000
24.000,4.000,0.043850,0.103350,0.016450,0.047900,0.019300,0.030600,0.019650
24.000,6.000,0.044500,0.094950,0.017850,0.051550,0.021600,0.029650,0.017900
24.000,8.000,0.041700,0.093100,0.017850,0.049700,0.022250,0.027250,0.018200
24.000,10.000,0.045100,0.090200,0.017850,0.060750,0.021550,0.023300,0.019050
24.000,12.000,0.044050,0.088450,0.016900,0.064900,0.021850,0.022350,0.016100
24.000,14.000,0.041000,0.079100,0.016000,0.066750,0.024500,0.021700,0.016900
24.000,16.000,0.039450,0.077750,0.018200,0.070600,0.025100,0.021750,0.014550
24.000,18.000,0.037800,0.067050,0.018050,0.080550,0.023400,0.020250,0.014500
24.000,20.000,0.034700,0.064950,0.016400,0.082050,0.028350,0.019600,0.014550
24.000,22.000,0.038500,0.063350,0.018050,0.086750,0.025650,0.018500,0.015050
24.000,24.000,0.034550,0.056000,0.016450,0.091300,0.031800,0.016300,0.015700
24.000,26.000,0.033650,0.050600,0.017100,0.090900,0.027900,0.016500,0.015300
24.000,28.000,0.030950,0.048550,0.017150,0.090750,0.031600,0.018100,0.015050
24.000,30.000,0.033000,0.046500,0.018500,0.088850,0.029200,0.020250,0.015400
24.000,32.000,0.018100,0.027050,0.010450,0.060350,0.020200,0.009000,0.008000
26.000,-30.000,0.035600,0.048100,0.019350,0.017850,0.015100,0.089550,0.031400
26.000,-28.000,0.034600,0.051800,0.017150,0.018950,0.015600,0.088850,0.030050
26.000,-26.000,0.034050,0.054250,0.017450,0.017350,0.013900,0.084100,0.027800
26.000,-24.000,0.033450,0.055850,0.016300,0.019250,0.014250,0.089100,0.026050
26.000,-22.000,0.035200,0.062950,0.016600,0.018700,0.016250,0.082250,0.025200
26.000,-20.000,0.034550,0.069250,0.015350,0.018350,0.016700,0.083800,0.023950
26.000,-18.000,0.034550,0.068450,0.017150,0.021050,0.014100,0.078300,0.025000
26.000,-16.000,0.036600,0.076350,0.018250,0.022150,0.016600,0.073250,0.023550
26.000,-14.000,0.038650,0.084350,0.018600,0.020950,0.016900,0.067400,0.024350
26.000,-12.000,0.040700,0.085800,0.016450,0.025350,0.016050,0.058950,0.021150
26.000,-10.000,0.039950,0.092000,0.016900,0.025600,0.016050,0.058200,0.022200
26.000,-8.000,0.039750,0.096600,0.017350,0.027600,0.018200,0.054950,0.020400
26.000,-6.000,0.040650,0.102050,0.017050,0.030950,0.015550,0.046600,0.020750
26.000,-4.000,0.039700,0.104150,0.016950,0.029950,0.017100,0.042400,0.020900
26.000,-2.000,0.042650,0.103050,0.016800,0.035350,0.018050,0.038850,0.019300
26.000,0.000,0.042600,0.105350,0.016800,0.037450,0.018000,0.037150,0.018400
26.000,2.000,0.042650,0.103050,0.016800,0.038850,0.019300,0.035350,0.018050
26.000,4.000,0.039700,0.104150,0.016950,0.042400,0.020900,0.029950,0.017100
26.000,6.000,0.040650,0.102050,0.017050,0.046600,0.020750,0.030950,0.015550
26.000,8.000,0.039750,0.096600,0.017350,0.054950,0.020400,0.027600,0.018200
26.000,10.000,0.039950,0.092000,0.016900,0.058200,0.022200,0.025600,0.016050
26.000,12.000,0.040700,0.085800,0.016450,0.058950,0.021150,0.025350,0.016050
26.000,14.000,0.038650,0.084350,0.018600,0.067400,0.024350,0.020950,0.016900
26.000,16.000,0.036600,0.076350,0.018250,0.073250,0.023550,0.022150,0.016600
26.000,18.000,0.034550,0.068450,0.017150,0.078300,0.025000,0.021050,0.014100
26.000,20.000,0.034550,0.069250,0.015350,0.083800,0.023950,0.018350,0.016700
26.000,22.000,0.035200,0.062950,0.016600,0.082250,0.025200,0.018700,0.016250
26.000,24.000,0.033450,0.055850,0.016300,0.089100,0.026050,0.019250,0.014250
26.000,26.000,0.034050,0.054250,0.017450,0.084100,0.027800,0.017350,0.013900
26.000,28.000,0.034600,0.051800,0.017150,0.088850,0.030050,0.018950,0.015600
26.000,30.000,0.035600,0.048100,0.019350,0.089550,0.031400,0.017850,0.015100
28.000,-28.000,0.034600,0.052150,0.016650,0.020650,0.015500,0.078600,0.028250
28.000,-26.000,0.033800,0.057350,0.015900,0.019850,0.015850,0.081300,0.026500
28.000,-24.000,0.035050,0.057750,0.016900,0.019250,0.013200,0.082450,0.027000
28.000,-22.000,0.033700,0.063600,0.017450,0.020950,0.016900,0.073550,0.023900
28.000,-20.000,0.030350,0.065000,0.015950,0.021350,0.014350,0.076800,0.023050
28.000,-18.000,0.033150,0.071150,0.016700,0.018900,0.014200,0.070950,0.023550
28.000,-16.000,0.035300,0.079800,0.017150,0.020750,0.015000,0.066200,0.024000
28.000,-14.000,0.035750,0.080200,0.017300,0.024150,0.016150,0.065200,0.020550
28.000,-12.000,0.038250,0.089000,0.017150,0.023850,0.015900,0.055200,0.021250
28.000,-10.000,0.035750,0.094300,0.015550,0.024550,0.016850,0.054850,0.020550
28.000,-8.000,0.034200,0.094450,0.017100,0.024550,0.016100,0.049200,0.021700
28.000,-6.000,0.037350,0.099700,0.016900,0.027650,0.017200,0.046550,0.020400
28.000,-4.000,0.037200,0.101500,0.016350,0.029150,0.017850,0.043600,0.019300
28.000,-2.000,0.039400,0.102050,0.016850,0.033200,0.018550,0.037400,0.019600
28.000,0.000,0.037750,0.106900,0.016950,0.038000,0.018000,0.035250,0.019800
28.000,2.000,0.039400,0.102050,0.016850,0.037400,0.019600,0.033200,0.018550
28.000,4.000,0.037200,0.101500,0.016350,0.043600,0.019300,0.029150,0.017850
28.000,6.000,0.037350,0.099700,0.016900,0.046550,0.020400,0.027650,0.017200
28.000,8.000,0.034200,0.094450,0.017100,0.049200,0.021700,0.024550,0.016100
28.000,10.000,0.035750,0.094300,0.015550,0.054850,0.020550,0.024550,0.016850
28.000,12.000,0.038250,0.089000,0.017150,0.055200,0.021250,0.023850,0.015900
28.000,14.000,0.035750,0.080200,0.017300,0.065200,0.020550,0.024150,0.016150
28.000,16.000,0.035300,0.079800,0.017150,0.066200,0.024000,0.020750,0.015000
28.000,18.000,0.033150,0.071150,0.016700,0.070950,0.023550,0.018900,0.014200
28.000,20.000,0.030350,0.065000,0.015950,0.076800,0.023050,0.021350,0.014350
28.000,22.000,0.033700,0.063600,0.017450,0.073550,0.023900,0.020950,0.016900
28.000,24.000,0.035050,0.057750,0.016900,0.082450,0.027000,0.019250,0.013200
28.000,26.000,0.033800,0.057350,0.015900,0.081300,0.026500,0.019850,0.015850
28.000,28.000,0.034600,0.052150,0.016650,0.078600,0.028250,0.020650,0.015500
30.000,-26.000,0.038750,0.058450,0.017450,0.020300,0.016000,0.078000,0.026150
30.000,-24.000,0.032950,0.060150,0.017000,0.019150,0.016950,0.079400,0.025350
30.000,-22.000,0.035800,0.070650,0.017950,0.020800,0.015500,0.071350,0.024300
30.000,-20.000,0.031350,0.071550,0.017000,0.020700,0.015400,0.072350,0.024450
30.000,-18.000,0.030650,0.074950,0.017200,0.022650,0.015300,0.069350,0.021950
30.000,-16.000,0.035450,0.086350,0.016750,0.020550,0.015900,0.065600,0.021000
30.000,-14.000,0.034750,0.085450,0.015600,0.021300,0.015150,0.063000,0.023150
30.000,-12.000,0.034800,0.092650,0.017350,0.025000,0.015700,0.057100,0.019650
30.000,-10.000,0.035500,0.094900,0.017200,0.025600,0.017100,0.054350,0.021550
30.000,-8.000,0.034650,0.099950,0.016600,0.026300,0.015050,0.052400,0.020050
30.000,-6.000,0.036100,0.108350,0.016550,0.028600,0.016050,0.043950,0.018700
30.000,-4.000,0.036300,0.105350,0.016150,0.031500,0.015150,0.042600,0.018950
30.000,-2.000,0.038800,0.110600,0.015900,0.033300,0.016950,0.038000,0.019000
30.000,0.000,0.036200,0.110350,0.014800,0.035350,0.017900,0.034900,0.016450
30.000,2.000,0.038800,0.110600,0.015900,0.038000,0.019000,0.033300,0.016950
30.000,4.000,0.036300,0.105350,0.016150,0.042600,0.018950,0.031500,0.015150
30.000,6.000,0.036100,0.108350,0.016550,0.043950,0.018700,0.028600,0.016050
30.000,8.000,0.034650,0.099950,0.016600,0.052400,0.020050,0.026300,0.015050
30.000,10.000,0.035500,0.094900,0.017200,0.054350,0.021550,0.025600,0.017100
30.000,12.000,0.034800,0.092650,0.017350,0.057100,0.019650,0.025000,0.015700
30.000,14.000,0.034750,0.085450,0.015600,0.063000,0.023150,0.021300,0.015150
30.000,16.000,0.035450,0.086350,0.016750,0.065600,0.021000,0.020550,0.015900
30.000,18.000,0.030650,0.074950,0.017200,0.069350,0.021950,0.022650,0.015300
30.000,20.000,0.031350,0.071550,0.017000,0.072350,0.024450,0.020700,0.015400
30.000,22.000,0.035800,0.070650,0.017950,0.071350,0.024300,0.020800,0.015500
30.000,24.000,0.032950,0.060150,0.017000,0.079400,0.025350,0.019150,0.016950
30.000,26.000,0.038750,0.058450,0.017450,0.078000,0.026150,0.020300,0.016000
32.000,-24.000,0.018250,0.040050,0.008600,0.011550,0.007300,0.048150,0.014350
32.000,-22.000,0.033450,0.068400,0.019350,0.021550,0.016200,0.068250,0.022500
32.000,-20.000,0.032700,0.071600,0.017750,0.023100,0.013950,0.068600,0.022000
32.000,-18.000,0.034200,0.075900,0.017350,0.021050,0.015450,0.067500,0.021550
32.000,-16.000,0.034550,0.083400,0.017500,0.020800,0.016100,0.062800,0.021700
32.000,-14.000,0.031600,0.085200,0.016500,0.023250,0.015500,0.059250,0.021900
32.000,-12.000,0.032400,0.094050,0.016050,0.023500,0.016150,0.054100,0.019650
32.000,-10.000,0.033600,0.096100,0.017950,0.024550,0.015100,0.053550,0.020500
32.000,-8.000,0.034050,0.099750,0.017050,0.024400,0.016050,0.049000,0.018650
32.000,-6.000,0.036450,0.104450,0.016050,0.028300,0.016400,0.044100,0.019150
32.000,-4.000,0.034850,0.104250,0.015800,0.029500,0.015150,0.041950,0.017300
32.000,-2.000,0.033950,0.107600,0.015200,0.032250,0.016400,0.033950,0.017500
32.000,0.000,0.033300,0.107350,0.013800,0.037050,0.017600,0.033500,0.017800
32.000,2.000,0.033950,0.107600,0.015200,0.033950,0.017500,0.032250,0.016400
32.000,4.000,0.034850,0.104250,0.015800,0.041950,0.017300,0.029500,0.015150
32.000,6.000,0.036450,0.104450,0.016050,0.044100,0.019150,0.028300,0.016400
32.000,8.000,0.034050,0.099750,0.017050,0.049000,0.018650,0.024400,0.016050
32.000,10.000,0.033600,0.096100,0.017950,0.053550,0.020500,0.024550,0.015100
32.000,12.000,0.032400,0.094050,0.016050,0.054100,0.019650,0.023500,0.016150
32.000,14.000,0.031600,0.085200,0.016500,0.059250,0.021900,0.023250,0.015500
32.000,16.000,0.034550,0.083400,0.017500,0.062800,0.021700,0.020800,0.016100
32.000,18.000,0.034200,0.075900,0.017350,0.067500,0.021550,0.021050,0.015450
32.000,20.000,0.032700,0.071600,0.017750,0.068600,0.022000,0.023100,0.013950
32.000,22.000,0.033450,0.068400,0.019350,0.068250,0.022500,0.021550,0.016200
32.000,24.000,0.018250,0.040050,0.008600,0.048150,0.014350,0.011550,0.007300
34.000,-20.000,0.033700,0.073100,0.016350,0.022000,0.017000,0.062400,0.023050
34.000,-18.000,0.031850,0.075950,0.016900,0.022400,0.016400,0.061700,0.023450
34.000,-16.000,0.034400,0.082250,0.015900,0.021450,0.016100,0.059450,0.021100
34.000,-14.000,0.030150,0.083700,0.017650,0.022750,0.016450,0.054850,0.020500
34.000,-12.000,0.033300,0.093100,0.015850,0.021850,0.014900,0.051850,0.017800
34.000,-10.000,0.033700,0.098100,0.015950,0.025900,0.016250,0.044550,0.020800
34.000,-8.000,0.031350,0.099350,0.016300,0.024650,0.015800,0.044300,0.019150
34.000,-6.000,0.032900,0.102800,0.016400,0.024400,0.014950,0.040750,0.019350
34.000,-4.000,0.035300,0.104800,0.015050,0.029400,0.015150,0.039600,0.017550
34.000,-2.000,0.031800,0.106100,0.014900,0.031000,0.017050,0.033500,0.018300
34.000,0.000,0.033150,0.110000,0.015100,0.033750,0.015350,0.032250,0.014850
34.000,2.000,0.031800,0.106100,0.014900,0.033500,0.018300,0.031000,0.017050
34.000,4.000,0.035300,0.104800,0.015050,0.039600,0.017550,0.029400,0.015150
34.000,6.000,0.032900,0.102800,0.016400,0.040750,0.019350,0.024400,0.014950
34.000,8.000,0.031350,0.099350,0.016300,0.044300,0.019150,0.024650,0.015800
34.000,10.000,0.033700,0.098100,0.015950,0.044550,0.020800,0.025900,0.016250
34.000,12.000,0.033300,0.093100,0.015850,0.051850,0.017800,0.021850,0.014900
34.000,14.000,0.030150,0.083700,0.017650,0.054850,0.020500,0.022750,0.016450
34.000,16.000,0.034400,0.082250,0.015900,0.059450,0.021100,0.021450,0.016100
34.000,18.000,0.031850,0.075950,0.016900,0.061700,0.023450,0.022400,0.016400
34.000,20.000,0.033700,0.073100,0.016350,0.062400,0.023050,0.022000,0.017000
36.000,-16.000,0.032350,0.086600,0.016350,0.022250,0.016150,0.055150,0.020350
36.000,-14.000,0.033200,0.082250,0.017500,0.024050,0.015750,0.056450,0.018100
36.000,-12.000,0.032150,0.091300,0.016950,0.023850,0.015800,0.049400,0.019400
36.000,-10.000,0.033000,0.093900,0.016600,0.026750,0.015000,0.047650,0.019900
36.000,-8.000,0.033450,0.095550,0.015650,0.026750,0.015600,0.043250,0.018300
36.000,-6.000,0.030450,0.100150,0.017650,0.028000,0.017550,0.040350,0.018250
36.000,-4.000,0.032250,0.105800,0.016900,0.028500,0.014700,0.036350,0.018850
36.000,-2.000,0.032250,0.107200,0.014350,0.030850,0.017100,0.033700,0.016600
36.000,0.000,0.032200,0.108750,0.015550,0.032750,0.017450,0.034050,0.015800
36.000,2.000,0.032250,0.107200,0.014350,0.033700,0.016600,0.030850,0.017100
36.000,4.000,0.032250,0.105800,0.016900,0.036350,0.018850,0.028500,0.014700
36.000,6.000,0.030450,0.100150,0.017650,0.040350,0.018250,0.028000,0.017550
36.000,8.000,0.033450,0.095550,0.015650,0.043250,0.018300,0.026750,0.015600
36.000,10.000,0.033000,0.093900,0.016600,0.047650,0.019900,0.026750,0.015000
36.000,12.000,0.032150,0.091300,0.016950,0.049400,0.019400,0.023850,0.015800
36.000,14.000,0.033200,0.082250,0.017500,0.056450,0.018100,0.024050,0.015750
36.000,16.000,0.032350,0.086600,0.016350,0.055150,0.020350,0.022250,0.016150
38.000,-12.000,0.033150,0.086050,0.016950,0.025550,0.017000,0.046300,0.019000
38.000,-10.000,0.032750,0.092550,0.016000,0.026050,0.016400,0.046150,0.020200
38.000,-8.000,0.031800,0.093250,0.016800,0.026750,0.015600,0.040450,0.019350
38.000,-6.000,0.031850,0.101250,0.014700,0.029150,0.017400,0.039300,0.016150
38.000,-4.000,0.032400,0.095850,0.016150,0.028750,0.017400,0.035800,0.019950
38.000,-2.000,0.031200,0.095000,0.015550,0.031150,0.015450,0.033250,0.016400
38.000,0.000,0.030000,0.104050,0.014450,0.031900,0.016450,0.032000,0.015600
38.000,2.000,0.031200,0.095000,0.015550,0.033250,0.016400,0.031150,0.015450
38.000,4.000,0.032400,0.095850,0.016150,0.035800,0.019950,0.028750,0.017400
38.000,6.000,0.031850,0.101250,0.014700,0.039300,0.016150,0.029150,0.017400
38.000,8.000,0.031800,0.093250,0.016800,0.040450,0.019350,0.026750,0.015600
38.000,10.000,0.032750,0.092550,0.016000,0.046150,0.020200,0.026050,0.016400
38.000,12.000,0.033150,0.086050,0.016950,0.046300,0.019000,0.025550,0.017000
40.000,0.000,0.025450,0.093650,0.012600,0.032400,0.015300,0.030150,0.014850
